index,path_distance_mm,global_x_mm,global_y_mm,global_z_mm,surface_center_x_mm,surface_center_y_mm,surface_center_z_mm,outer_x_mm,outer_y_mm,outer_z_mm,inner_x_mm,inner_y_mm,inner_z_mm,face_width_mm,surface_to_thin_face_pcd_mm,z_offset_mm,tangent_x,tangent_y,tangent_z,raw_global_x_mm,raw_global_y_mm,raw_global_z_mm,center_correction_mm,face_recentering_delta_y_mm
0,0.000000000,-69.690000000,17.429186932,3.492062000,-69.690000000,17.429186932,3.492062000,-69.690000000,17.781245997,3.492062000,-69.690000000,17.077127867,3.492062000,0.704118129,0.093886302,0.000000000,0.485353074,0.018307399,0.874126554,-69.690000000,17.700956165,3.493449886,0.271772777,-0.278973316
1,0.502006026,-69.472986034,17.444118064,3.944491055,-69.472986034,17.444118064,3.944491055,-69.472986034,17.794575061,3.944491055,-69.472986034,17.093661068,3.944491055,0.700913993,0.004559565,0.000000000,0.377230996,0.041152633,0.925204429,-69.472986034,17.733430402,3.941253263,0.289330455,-0.283618205
2,0.998221714,-69.313493164,17.470060033,4.413659520,-69.313493164,17.470060033,4.413659520,-69.313493164,17.820374850,4.413659520,-69.313493164,17.119745217,4.413659520,0.700629633,0.032102033,0.000000000,0.306645673,0.062667030,0.949758535,-69.313493164,17.760195767,4.414308340,0.290136459,-0.283059190
3,1.497535962,-69.167856137,17.506558666,4.889865803,-69.167856137,17.506558666,4.889865803,-69.167856137,17.857934123,4.889865803,-69.167856137,17.155183210,4.889865803,0.702750912,0.026663922,0.000000000,0.304452440,0.083181742,0.948888565,-69.167856137,17.786714746,4.891890723,0.280163397,-0.277643014
4,1.997276906,-69.009361388,17.553159792,5.361510543,-69.009361388,17.553159792,5.361510543,-69.009361388,17.906541639,5.361510543,-69.009361388,17.199777946,5.361510543,0.706763693,0.013441759,0.000000000,0.358566017,0.102421674,0.927868639,-69.009361388,17.817412199,5.365000260,0.264275448,-0.267716420
5,2.501896404,-68.807697359,17.609409239,5.820649364,-68.807697359,17.609409239,5.820649364,-68.807697359,17.965486159,5.820649364,-68.807697359,17.253332320,5.820649364,0.712153839,0.010124781,0.000000000,0.422132295,0.120943885,0.898430243,-68.807697359,17.858555169,5.820593159,0.249145936,-0.253626148
6,3.004196304,-68.584565357,17.674852835,6.265884622,-68.584565357,17.674852835,6.265884622,-68.584565357,18.034056442,6.265884622,-68.584565357,17.315649228,6.265884622,0.718407213,0.019189574,0.000000000,0.467178231,0.139135070,0.873147143,-68.584565357,17.907502142,6.265272149,0.232650113,-0.235718942
7,3.505900040,-68.338858751,17.749036408,6.696966633,-68.338858751,17.749036408,6.696966633,-68.338858751,18.111541247,6.696966633,-68.338858751,17.386531569,6.696966633,0.725009678,0.022397022,0.000000000,0.510358233,0.159005989,0.845134054,-68.338858751,17.962061820,6.697209329,0.213025550,-0.214341543
8,4.009842508,-68.071426692,17.834746271,7.115406501,-68.071426692,17.834746271,7.115406501,-68.071426692,18.200469819,7.115406501,-68.071426692,17.469022723,7.115406501,0.731447097,0.009210776,0.000000000,0.550765835,0.179202856,0.815195272,-68.071426692,18.021704597,7.115416702,0.186958326,-0.186532278
9,4.514965654,-67.783252251,17.929820393,7.519220562,-67.783252251,17.929820393,7.519220562,-67.783252251,18.298423058,7.519220562,-67.783252251,17.561217727,7.519220562,0.737205332,0.010437071,0.000000000,0.588311249,0.195567008,0.784629479,-67.783252251,18.086072279,7.518806175,0.156252436,-0.156386695
10,5.020227013,-67.477176756,18.032287818,7.907945734,-67.477176756,18.032287818,7.907945734,-67.477176756,18.401451546,7.907945734,-67.477176756,17.663124089,7.907945734,0.738327457,0.010019150,0.000000000,0.625297585,0.205336675,0.752887628,-67.477176756,18.154036150,7.908248302,0.121748708,-0.124721175
11,5.526724409,-67.150763001,18.137509093,8.280668360,-67.150763001,18.137509093,8.280668360,-67.150763001,18.506497122,8.280668360,-67.150763001,17.768521064,8.280668360,0.737976058,0.010068162,0.000000000,0.662788786,0.208543943,0.719180401,-67.150763001,18.226437705,8.279924223,0.088931725,-0.094421374
12,6.030700277,-66.807742811,18.242947628,8.634520787,-66.807742811,18.242947628,8.634520787,-66.807742811,18.611468167,8.634520787,-66.807742811,17.874427088,8.634520787,0.737041080,0.008096911,0.000000000,0.699944687,0.206134113,0.683802722,-66.807742811,18.303186890,8.635428900,0.060246107,-0.065766514
13,6.533782823,-66.446164522,18.345029402,8.969083936,-66.446164522,18.345029402,8.969083936,-66.446164522,18.711753143,8.969083936,-66.446164522,17.978305661,8.969083936,0.733447482,0.005988385,0.000000000,0.737661126,0.197778526,0.645553808,-66.446164522,18.385586012,8.970689113,0.040588363,-0.041014226
14,7.038459771,-66.064583142,18.442167787,9.284771449,-66.064583142,18.442167787,9.284771449,-66.064583142,18.806778908,9.284771449,-66.064583142,18.077556666,9.284771449,0.729222242,0.008801724,0.000000000,0.771230417,0.186523460,0.608615349,-66.064583142,18.469546849,9.282574835,0.027467038,-0.020794415
15,7.538906036,-65.671320325,18.532507873,9.580794235,-65.671320325,18.532507873,9.580794235,-65.671320325,18.894321245,9.580794235,-65.671320325,18.170694501,9.580794235,0.723626744,0.001460418,0.000000000,0.800741903,0.174639116,0.572986548,-65.671320325,18.549479249,9.580801429,0.016971377,-0.006293212
16,8.040327790,-65.262558122,18.617068910,9.858619122,-65.262558122,18.617068910,9.858619122,-65.262558122,18.975564254,9.858619122,-65.262558122,18.258573566,9.858619122,0.716990687,0.010431585,0.000000000,0.830750296,0.161128726,0.532814676,-65.262558122,18.623403877,9.858881947,0.006340417,0.003816734
17,8.541858192,-64.838426750,18.694050012,10.114976750,-64.838426750,18.694050012,10.114976750,-64.838426750,19.049118526,10.114976750,-64.838426750,18.338981498,10.114976750,0.710137027,0.010328667,0.000000000,0.858831227,0.146754704,0.490787103,-64.838426750,18.690694232,10.114925380,0.003356173,0.007859894
18,9.041825729,-64.402752088,18.764018230,10.350050305,-64.402752088,18.764018230,10.350050305,-64.402752088,19.115221202,10.350050305,-64.402752088,18.412815258,10.350050305,0.702405943,0.008127317,0.000000000,0.884832626,0.131792220,0.446880335,-64.402752088,18.753490254,10.351828715,0.010677126,0.006703234
19,9.543727626,-63.952240604,18.826004478,10.562424084,-63.952240604,18.826004478,10.562424084,-63.952240604,19.174013252,10.562424084,-63.952240604,18.477995703,10.562424084,0.696017548,0.008690314,0.000000000,0.907895301,0.128214260,0.399108037,-63.952240604,18.818396168,10.558682670,0.008478476,0.000547062
20,10.040047723,-63.496897826,18.891908074,10.748578077,-63.496897826,18.891908074,10.748578077,-63.496897826,19.237526736,10.748578077,-63.496897826,18.546289412,10.748578077,0.691237324,0.009427369,0.000000000,0.926685679,0.136689010,0.350099654,-63.496897826,18.886035197,10.753766255,0.007836317,-0.004081751
21,10.540457638,-63.028849215,18.962228435,10.911045389,-63.028849215,18.962228435,10.911045389,-63.028849215,19.307220783,10.911045389,-63.028849215,18.617236087,10.911045389,0.689984696,0.005722459,0.000000000,0.940751736,0.142504490,0.307698946,-63.028849215,18.955405567,10.914867329,0.007820406,-0.005149603
22,11.043319329,-62.553194774,19.034865318,11.057150202,-62.553194774,19.034865318,11.057150202,-62.553194774,19.379097982,11.057150202,-62.553194774,18.690632654,11.057150202,0.688465327,0.006549780,0.000000000,0.949462155,0.140541893,0.280659209,-62.553194774,19.024679912,11.052528493,0.011184931,-0.001929046
23,11.542859444,-62.077189300,19.103124999,11.192426701,-62.077189300,19.103124999,11.192426701,-62.077189300,19.446469554,11.192426701,-62.077189300,18.759780445,11.192426701,0.686689109,0.007449928,0.000000000,0.954268179,0.128829010,0.269769028,-62.077189300,19.091127809,11.190372510,0.012171782,0.004210941
24,12.042121057,-61.600101333,19.163540191,11.326587927,-61.600101333,19.163540191,11.326587927,-61.600101333,19.505524334,11.326587927,-61.600101333,18.821556047,11.326587927,0.683968287,0.010583913,0.000000000,0.956309088,0.113619259,0.269376301,-61.600101333,19.152755172,11.326697363,0.010785574,0.016555081
25,12.541668830,-61.122044960,19.216601595,11.461475171,-61.122044960,19.216601595,11.461475171,-61.122044960,19.555439257,11.461475171,-61.122044960,18.877763933,11.461475171,0.677675325,0.008425974,0.000000000,0.957580662,0.104211273,0.268662028,-61.122044960,19.210080237,11.461504879,0.006521426,0.033336596
26,13.038506730,-60.645987878,19.267385341,11.594285431,-60.645987878,19.267385341,11.594285431,-60.645987878,19.601047436,11.594285431,-60.645987878,18.933723246,11.594285431,0.667324190,0.007226141,0.000000000,0.959107165,0.102972634,0.263647648,-60.645987878,19.284023749,11.594293052,0.016638410,0.055131442
27,13.540622529,-60.163938680,19.319473759,11.724806090,-60.163938680,19.319473759,11.724806090,-60.163938680,19.648200005,11.724806090,-60.163938680,18.990747513,11.724806090,0.657452492,0.009937514,0.000000000,0.960354603,0.105170128,0.258182651,-60.163938680,19.277756299,11.725264690,0.041719980,0.079891140
28,14.043169381,-59.681157738,19.373046798,11.853669699,-59.681157738,19.373046798,11.853669699,-59.681157738,19.697541377,11.853669699,-59.681157738,19.048552219,11.853669699,0.648989158,0.013087751,0.000000000,0.961001250,0.106067564,0.255394340,-59.681157738,19.259425666,11.853676329,0.113621133,0.106335961
29,14.544878527,-59.198848665,19.425993566,11.981288921,-59.198848665,19.425993566,11.981288921,-59.198848665,19.746823400,11.981288921,-59.198848665,19.105163732,11.981288921,0.641659667,0.010749264,0.000000000,0.961943868,0.102160518,0.253430903,-59.198848665,19.224208843,11.980525396,0.201786167,0.132364049
30,15.046705821,-58.715817965,19.475567156,12.107995017,-58.715817965,19.475567156,12.107995017,-58.715817965,19.794236657,12.107995017,-58.715817965,19.156897656,12.107995017,0.637339001,0.007068579,0.000000000,0.962958516,0.093052308,0.253085293,-58.715817965,19.233790933,12.108218665,0.241776327,0.156002914
31,15.542998456,-58.237720847,19.518932531,12.233887709,-58.237720847,19.518932531,12.233887709,-58.237720847,19.834942625,12.233887709,-58.237720847,19.202922438,12.233887709,0.632020187,0.008583789,0.000000000,0.963939729,0.081928492,0.253195422,-58.237720847,19.306785762,12.233968268,0.212146785,0.174696622
32,16.036989495,-57.761261279,19.556723417,12.358728709,-57.761261279,19.556723417,12.358728709,-57.761261279,19.872209716,12.358728709,-57.761261279,19.241237117,12.358728709,0.630972599,0.009024981,0.000000000,0.965422365,0.074049710,0.249952592,-57.761261279,19.388441882,12.358546586,0.168281633,0.190707825
33,16.533330542,-57.281634803,19.592254250,12.481408936,-57.281634803,19.592254250,12.481408936,-57.281634803,19.908473330,12.481408936,-57.281634803,19.276035169,12.481408936,0.632438160,0.008730253,0.000000000,0.966782466,0.076414812,0.243910722,-57.281634803,19.451292674,12.481368325,0.140961581,0.203339382
34,17.033572929,-56.797795012,19.632913661,12.601776354,-56.797795012,19.632913661,12.601776354,-56.797795012,19.951637688,12.601776354,-56.797795012,19.314189633,12.601776354,0.637448055,0.012069388,0.000000000,0.968276776,0.076216187,0.237973060,-56.797795012,19.478965519,12.602527997,0.153949977,0.215381486
35,17.534897210,-56.311855195,19.668577580,12.719745050,-56.311855195,19.668577580,12.719745050,-56.311855195,19.991459366,12.719745050,-56.311855195,19.345695793,12.719745050,0.645763573,0.001859668,0.000000000,0.970103041,0.065418637,0.233710271,-56.311855195,19.469864707,12.719865978,0.198712909,0.221771596
36,18.035838130,-55.825512537,19.698483692,12.836013054,-55.825512537,19.698483692,12.836013054,-55.825512537,20.027246499,12.836013054,-55.825512537,19.369720886,12.836013054,0.657525613,0.008002459,0.000000000,0.971417057,0.050524364,0.231940058,-55.825512537,19.463576439,12.835751761,0.234907399,0.224818085
37,18.536333218,-55.339084715,19.719180540,12.952008519,-55.339084715,19.719180540,12.952008519,-55.339084715,20.055981756,12.952008519,-55.339084715,19.382379325,12.952008519,0.673602431,0.013529806,0.000000000,0.972037687,0.034435294,0.232286344,-55.339084715,19.460068965,12.951378437,0.259112341,0.224341625
38,19.036273417,-54.853075253,19.732940821,13.068394345,-54.853075253,19.732940821,13.068394345,-54.853075253,20.079071099,13.068394345,-54.853075253,19.386810542,13.068394345,0.692260558,0.003862805,0.000000000,0.972240493,0.028124474,0.232287402,-54.853075253,19.472327391,13.067620732,0.260614578,0.222055449
39,19.533937294,-54.369174419,19.747234893,13.183741631,-54.369174419,19.747234893,13.183741631,-54.369174419,20.103675196,13.183741631,-54.369174419,19.390794589,13.183741631,0.712880607,0.008201981,0.000000000,0.972734548,0.034837176,0.229289925,-54.369174419,19.518133982,13.184582112,0.229102452,0.217070348
40,20.032924155,-53.883618926,19.767676755,13.296904704,-53.883618926,19.767676755,13.296904704,-53.883618926,20.131989231,13.296904704,-53.883618926,19.403364280,13.296904704,0.728624951,0.008534643,0.000000000,0.973382997,0.048008471,0.224099819,-53.883618926,19.555129204,13.297996701,0.212550357,0.210818813
41,20.532503090,-53.397214810,19.795181486,13.407510482,-53.397214810,19.795181486,13.407510482,-53.397214810,20.167223733,13.407510482,-53.397214810,19.423139239,13.407510482,0.744084494,0.008337846,0.000000000,0.973872704,0.057706473,0.219640431,-53.397214810,19.593739309,13.407170301,0.201442464,0.203437763
42,21.031937493,-52.910712123,19.825325232,13.516327817,-52.910712123,19.825325232,13.516327817,-52.910712123,20.203858686,13.516327817,-52.910712123,19.446791778,13.516327817,0.757066908,0.003112965,0.000000000,0.974268839,0.058846947,0.217571289,-52.910712123,19.632992805,13.515673913,0.192333539,0.195114652
43,21.531196251,-52.424220406,19.853951989,13.624797288,-52.424220406,19.853951989,13.624797288,-52.424220406,20.239147763,13.624797288,-52.424220406,19.468756215,13.624797288,0.770391548,0.006250254,0.000000000,0.974750910,0.053046732,0.216902532,-52.424220406,19.671992074,13.624309828,0.181960568,0.186038895
44,22.030210634,-51.937653694,19.878281964,13.732853946,-51.937653694,19.878281964,13.732853946,-51.937653694,20.270239505,13.732853946,-51.937653694,19.486324422,13.732853946,0.783915083,0.007904718,0.000000000,0.975735644,0.043303734,0.214626976,-51.937653694,19.709999787,13.732965011,0.168282213,0.177019975
45,22.529460043,-51.450195024,19.897177243,13.839047098,-51.450195024,19.897177243,13.839047098,-51.450195024,20.295873520,13.839047098,-51.450195024,19.498480966,13.839047098,0.797392554,0.008797089,0.000000000,0.977134729,0.034063456,0.209874732,-51.450195024,19.741209981,13.839717465,0.155968703,0.169357067
46,23.029283779,-50.961434966,19.912309108,13.942528495,-50.961434966,19.912309108,13.942528495,-50.961434966,20.316225545,13.942528495,-50.961434966,19.508392671,13.942528495,0.807832874,0.011734784,0.000000000,0.978479813,0.028704579,0.204336249,-50.961434966,19.762131172,13.942964589,0.150178569,0.165551113
47,23.529455339,-50.471724349,19.925880449,14.043379471,-50.471724349,19.925880449,14.043379471,-50.471724349,20.334825890,14.043379471,-50.471724349,19.516935008,14.043379471,0.817890882,0.003232739,0.000000000,0.979356176,0.026259385,0.200429353,-50.471724349,19.772730055,14.043280433,0.153150426,0.163679999
48,24.029692819,-49.981679278,19.938579089,14.143039444,-49.981679278,19.938579089,14.143039444,-49.981679278,20.352356348,14.143039444,-49.981679278,19.524801829,14.143039444,0.827554519,0.009916160,0.000000000,0.979673339,0.024723808,0.199070045,-49.981679278,19.774856679,14.142516873,0.163723244,0.163949778
49,24.529887052,-49.491628304,19.950614982,14.242535424,-49.491628304,19.950614982,14.242535424,-49.491628304,20.368101992,14.242535424,-49.491628304,19.533127972,14.242535424,0.834974021,0.006652826,0.000000000,0.979844538,0.024700724,0.198228541,-49.491628304,19.776451363,14.241733553,0.174165465,0.164928990
50,25.029763712,-49.001765791,19.963281147,14.341282386,-49.001765791,19.963281147,14.341282386,-49.001765791,20.384607958,14.341282386,-49.001765791,19.541954337,14.341282386,0.842653621,0.010896121,0.000000000,0.980361887,0.024557330,0.195671940,-49.001765791,19.783261504,14.341652968,0.180020025,0.166108357
51,25.529639906,-48.511510800,19.975166191,14.438158590,-48.511510800,19.975166191,14.438158590,-48.511510800,20.399572076,14.438158590,-48.511510800,19.550760306,14.438158590,0.848811770,0.005180221,0.000000000,0.981225834,0.024253795,0.191331166,-48.511510800,19.794954169,14.439145720,0.180214725,0.164582379
52,26.029510141,-48.020791985,19.987528707,14.532564439,-48.020791985,19.987528707,14.532564439,-48.020791985,20.414950788,14.532564439,-48.020791985,19.560106627,14.532564439,0.854844160,0.011273095,0.000000000,0.982021704,0.026993311,0.186828089,-48.020791985,19.816219154,14.532629642,0.171309566,0.160953681
53,26.529180407,-47.529945054,20.002146068,14.624900771,-47.529945054,20.002146068,14.624900771,-47.529945054,20.432253496,14.624900771,-47.529945054,19.572038640,14.624900771,0.860214856,0.008381089,0.000000000,0.982481735,0.029700199,0.183977008,-47.529945054,19.841639466,14.624397495,0.160507391,0.156765919
54,27.028776578,-47.039031419,20.017207041,14.716406528,-47.039031419,20.017207041,14.716406528,-47.039031419,20.449954261,14.716406528,-47.039031419,19.584459820,14.716406528,0.865494441,0.009861079,0.000000000,0.982733612,0.029009924,0.182737712,-47.039031419,19.866817593,14.715872357,0.150390396,0.151651509
55,27.528265623,-46.548111182,20.031129676,14.807471273,-46.548111182,20.031129676,14.807471273,-46.548111182,20.466258882,14.807471273,-46.548111182,19.596000470,14.807471273,0.870258412,0.002434976,0.000000000,0.983125316,0.025938827,0.181085037,-46.548111182,19.891438301,14.807461216,0.139691375,0.146415838
56,28.027910174,-46.056760422,20.043122723,14.897333806,-46.056760422,20.043122723,14.897333806,-46.056760422,20.479872404,14.897333806,-46.056760422,19.606373042,14.897333806,0.873499361,0.007203693,0.000000000,0.983903465,0.020688614,0.177499162,-46.056760422,19.912102828,14.897696571,0.131020397,0.142236499
57,28.527827768,-45.564646509,20.051807247,14.984889940,-45.564646509,20.051807247,14.984889940,-45.564646509,20.490246365,14.984889940,-45.564646509,19.613368128,14.984889940,0.876878237,0.007664866,0.000000000,0.984903853,0.014363934,0.172505295,-45.564646509,19.924675869,14.985204440,0.127131767,0.139709031
58,29.027823068,-45.071950289,20.057484822,15.069822262,-45.071950289,20.057484822,15.069822262,-45.071950289,20.496934040,15.069822262,-45.071950289,19.618035604,15.069822262,0.878898436,0.002024355,0.000000000,0.985739302,0.009210678,0.168027354,-45.071950289,19.929505815,15.070145936,0.127979416,0.139180415
59,29.527946255,-44.578794316,20.061018430,15.152936052,-44.578794316,20.061018430,15.152936052,-44.578794316,20.501673264,15.152936052,-44.578794316,19.620363596,15.152936052,0.881309668,0.009135512,0.000000000,0.986226870,0.006091447,0.165285978,-44.578794316,19.928021664,15.152559947,0.132997297,0.140549733
60,30.027916769,-44.085631936,20.063577132,15.235123856,-44.085631936,20.063577132,15.235123856,-44.085631936,20.505338000,15.235123856,-44.085631936,19.621816263,15.235123856,0.883521737,0.010944867,0.000000000,0.986494892,0.004190978,0.163738401,-44.085631936,19.919971501,15.234558082,0.143606745,0.142865104
61,30.527761437,-43.592482410,20.065208864,15.316644248,-43.592482410,20.065208864,15.316644248,-43.592482410,20.508169290,15.316644248,-43.592482410,19.622248437,15.316644248,0.885920853,0.002941388,0.000000000,0.986824830,0.003884814,0.161745672,-43.592482410,19.911541822,15.316590945,0.153667051,0.144078580
62,31.027674014,-43.099047740,20.067461083,15.396829899,-43.099047740,20.067461083,15.396829899,-43.099047740,20.511527236,15.396829899,-43.099047740,19.623394929,15.396829899,0.888132307,0.009431992,0.000000000,0.987382944,0.005421480,0.158257792,-43.099047740,19.907787071,15.397239827,0.159674538,0.145000902
63,31.527633300,-42.605228690,20.070629719,15.474881123,-42.605228690,20.070629719,15.474881123,-42.605228690,20.515528286,15.474881123,-42.605228690,19.625731153,15.474881123,0.889797133,0.004836271,0.000000000,0.988039194,0.007251472,0.154032360,-42.605228690,19.909541012,15.475479680,0.161089819,0.144456996
64,32.027628724,-42.111055878,20.074712273,15.550854726,-42.111055878,20.074712273,15.550854726,-42.111055878,20.519865584,15.550854726,-42.111055878,19.629558962,15.550854726,0.890306622,0.008826076,0.000000000,0.988534100,0.008783319,0.150742119,-42.111055878,19.921246902,15.550610931,0.153465565,0.142446691
65,32.527413919,-41.616912454,20.079410844,15.625590538,-41.616912454,20.079410844,15.625590538,-41.616912454,20.524079189,15.625590538,-41.616912454,19.634742499,15.625590538,0.889336690,0.010615139,0.000000000,0.988829267,0.009204081,0.148768163,-41.616912454,19.938051864,15.625030903,0.141360088,0.139416442
66,33.027126238,-41.122723818,20.083911754,15.699548199,-41.122723818,20.083911754,15.699548199,-41.122723818,20.527616592,15.699548199,-41.122723818,19.640206917,15.699548199,0.887409674,0.008292848,0.000000000,0.989056731,0.007859642,0.147326201,-41.122723818,19.953640739,15.699354054,0.130271160,0.136600030
67,33.526980471,-40.628285279,20.087266746,15.772852558,-40.628285279,20.087266746,15.772852558,-40.628285279,20.528668883,15.772852558,-40.628285279,19.645864610,15.772852558,0.882804272,0.006414493,0.000000000,0.989498787,0.001845965,0.144529384,-40.628285279,19.963847243,15.772995259,0.123419586,0.134135949
68,34.026946207,-40.133417099,20.085756276,15.844049045,-40.133417099,20.085756276,15.844049045,-40.133417099,20.524421948,15.844049045,-40.133417099,19.647090603,15.844049045,0.877331346,0.004509182,0.000000000,0.990163515,-0.006409392,0.139768142,-40.133417099,19.967172914,15.844275050,0.118583577,0.132418890
69,34.526847139,-39.638263011,20.080858708,15.912601110,-39.638263011,20.080858708,15.912601110,-39.638263011,20.516612878,15.912601110,-39.638263011,19.645104538,15.912601110,0.871508340,0.011833443,0.000000000,0.990757257,-0.013508666,0.134972490,-39.638263011,19.961710329,15.913410873,0.119151131,0.133583557
70,35.026895874,-39.142718804,20.072247317,15.979012854,-39.142718804,20.072247317,15.979012854,-39.142718804,20.503968333,15.979012854,-39.142718804,19.640526301,15.979012854,0.863442032,0.007752824,0.000000000,0.991098793,-0.020095738,0.131602975,-39.142718804,19.947630058,15.978470594,0.124618439,0.136495150
71,35.526705373,-38.647309591,20.060767292,16.044185366,-38.647309591,20.060767292,16.044185366,-38.647309591,20.487898746,16.044185366,-38.647309591,19.633635838,16.044185366,0.854262908,0.002998470,0.000000000,0.991393399,-0.023414818,0.128805569,-38.647309591,19.928753568,16.043372166,0.132016228,0.140270367
72,36.026082664,-38.152133153,20.048851958,16.107714873,-38.152133153,20.048851958,16.107714873,-38.152133153,20.470945361,16.107714873,-38.152133153,19.626758555,16.107714873,0.844186805,0.006249580,0.000000000,0.991779984,-0.023258495,0.125823308,-38.152133153,19.904134878,16.108060417,0.144717493,0.143576764
73,36.525611408,-37.656615683,20.037534451,16.169870458,-37.656615683,20.037534451,16.169870458,-37.656615683,20.453487656,16.169870458,-37.656615683,19.621581245,16.169870458,0.831906411,0.010810946,0.000000000,0.992215936,-0.021990690,0.122572207,-37.656615683,19.881473365,16.170869169,0.156064281,0.145216668
74,37.025171777,-37.160822956,20.026881384,16.230175071,-37.160822956,20.026881384,16.230175071,-37.160822956,20.435960225,16.230175071,-37.160822956,19.617802543,16.230175071,0.818157682,0.010554811,0.000000000,0.992687328,-0.020137501,0.119022473,-37.160822956,19.855039547,16.229594282,0.171842819,0.144505215
75,37.525101610,-36.664436405,20.017408137,16.288830744,-36.664436405,20.017408137,16.288830744,-36.664436405,20.420449460,16.288830744,-36.664436405,19.614366814,16.288830744,0.806082645,0.005773417,0.000000000,0.993021840,-0.018353740,0.116493627,-36.664436405,19.848548402,16.288615738,0.168859872,0.140423189
76,38.024871601,-36.168099759,20.008532973,16.346633934,-36.168099759,20.008532973,16.346633934,-36.168099759,20.404786728,16.346633934,-36.168099759,19.612279218,16.346633934,0.792507511,0.006129551,0.000000000,0.993113504,-0.017992872,0.115766252,-36.168099759,19.864177311,16.346877638,0.144355868,0.132942981
77,38.524725623,-35.671696335,19.999421991,16.404553483,-35.671696335,19.999421991,16.404553483,-35.671696335,20.388919236,16.404553483,-35.671696335,19.609924746,16.404553483,0.778994490,0.008945149,0.000000000,0.993144675,-0.017970916,0.115501950,-35.671696335,19.881231068,16.404231380,0.118191362,0.122455802
78,39.024624899,-35.175200192,19.990566515,16.462107344,-35.175200192,19.990566515,16.462107344,-35.175200192,20.373543707,16.462107344,-35.175200192,19.607589323,16.462107344,0.765954385,0.007829196,0.000000000,0.993351343,-0.017726581,0.113749185,-35.175200192,19.895825993,16.461438433,0.094742883,0.110387778
79,39.524509378,-34.678560764,19.981699261,16.518278002,-34.678560764,19.981699261,16.518278002,-34.678560764,20.357728792,16.518278002,-34.678560764,19.605669729,16.518278002,0.752059063,0.011223854,0.000000000,0.993719195,-0.020568162,0.109995965,-34.678560764,19.902851032,16.518636685,0.078849044,0.098171853
80,40.024321204,-34.181789605,19.970005151,16.572069496,-34.181789605,19.970005151,16.572069496,-34.181789605,20.339767612,16.572069496,-34.181789605,19.600242689,16.572069496,0.739524923,0.008331451,0.000000000,0.994101969,-0.026802191,0.105085291,-34.181789605,19.888739670,16.573230819,0.081273778,0.086765109
81,40.524662899,-33.684314986,19.954889588,16.623375783,-33.684314986,19.954889588,16.623375783,-33.684314986,20.318842855,16.623375783,-33.684314986,19.590936320,16.623375783,0.727906534,0.008079002,0.000000000,0.994397160,-0.033750874,0.100175680,-33.684314986,19.884288889,16.623058547,0.070601411,0.076835241
82,41.024709736,-33.187015183,19.936243557,16.672284584,-33.187015183,19.936243557,16.672284584,-33.187015183,20.294125153,16.672284584,-33.187015183,19.578361961,16.672284584,0.715763191,0.004133377,0.000000000,0.994642592,-0.038850111,0.095795523,-33.187015183,19.867141298,16.671374385,0.069108253,0.071181541
83,41.524424439,-32.689912899,19.916049904,16.719149488,-32.689912899,19.916049904,16.719149488,-32.689912899,20.267595397,16.719149488,-32.689912899,19.564504411,16.719149488,0.703090986,0.006470575,0.000000000,0.994791116,-0.043343352,0.092260448,-32.689912899,19.843547445,16.719651697,0.072504198,0.069930064
84,42.024629233,-32.192309576,19.892901055,16.764535607,-32.192309576,19.892901055,16.764535607,-32.192309576,20.238977810,16.764535607,-32.192309576,19.546824301,16.764535607,0.692153509,0.004749096,0.000000000,0.994929102,-0.046933672,0.088956805,-32.192309576,19.825854378,16.765068942,0.067048799,0.070417733
85,42.524364578,-31.695045268,19.869119740,16.808102476,-31.695045268,19.869119740,16.808102476,-31.695045268,20.210225718,16.808102476,-31.695045268,19.528013762,16.808102476,0.682211956,0.008096412,0.000000000,0.995154805,-0.047976712,0.085820450,-31.695045268,19.796327105,16.807765900,0.072793414,0.073950036
86,43.023524594,-31.198255168,19.844977836,16.850262733,-31.198255168,19.844977836,16.850262733,-31.198255168,20.181813552,16.850262733,-31.198255168,19.508142119,16.850262733,0.673671433,0.012178292,0.000000000,0.995230568,-0.049532619,0.084039488,-31.198255168,19.758945945,16.850047149,0.086032161,0.079595134
87,43.523425870,-30.700749732,19.819631924,16.892062384,-30.700749732,19.819631924,16.892062384,-30.700749732,20.152274306,16.892062384,-30.700749732,19.486989542,16.892062384,0.665284764,0.009375717,0.000000000,0.995207872,-0.052775329,0.082316804,-30.700749732,19.731416435,16.891443973,0.088217657,0.086613174
88,44.022961546,-30.203610620,19.792233895,16.932533892,-30.203610620,19.792233895,16.932533892,-30.203610620,20.120693610,16.932533892,-30.203610620,19.463774179,16.932533892,0.656919431,0.009993436,0.000000000,0.995302910,-0.056316287,0.078743851,-30.203610620,19.697609414,16.932722040,0.094624668,0.093810270
89,44.522756311,-29.706116839,19.763352790,16.970752043,-29.706116839,19.763352790,16.970752043,-29.706116839,20.088347225,16.970752043,-29.706116839,19.438358355,16.970752043,0.649988869,0.004987606,0.000000000,0.995456435,-0.059515443,0.074326293,-29.706116839,19.666879483,16.972070718,0.096482319,0.100286512
90,45.022506830,-29.208610610,19.732745893,17.006826296,-29.208610610,19.732745893,17.006826296,-29.208610610,20.053994670,17.006826296,-29.208610610,19.411497116,17.006826296,0.642497553,0.001632901,0.000000000,0.995549967,-0.062700229,0.070348740,-29.208610610,19.630853931,17.006392427,0.101892886,0.105449118
91,45.521801265,-28.711520431,19.700713942,17.041035078,-28.711520431,19.700713942,17.041035078,-28.711520431,20.018639040,17.041035078,-28.711520431,19.382788844,17.041035078,0.635850195,0.001805655,0.000000000,0.995638395,-0.064194568,0.067699657,-28.711520431,19.589067937,17.040358810,0.111648053,0.109072005
92,46.021430854,-28.214043795,19.668620392,17.074452541,-28.214043795,19.668620392,17.074452541,-28.214043795,19.984422166,17.074452541,-28.214043795,19.352818617,17.074452541,0.631603549,0.004662284,0.000000000,0.995623999,-0.066090402,0.066067473,-28.214043795,19.552276462,17.074351486,0.116343974,0.111217683
93,46.521312990,-27.716384654,19.634655009,17.107069744,-27.716384654,19.634655009,17.107069744,-27.716384654,19.949710676,17.107069744,-27.716384654,19.319599342,17.107069744,0.630111334,0.009332552,0.000000000,0.995400873,-0.071764164,0.063458705,-27.716384654,19.516804328,17.107152289,0.117850710,0.111599341
94,47.021530401,-27.218552809,19.596847163,17.137915796,-27.218552809,19.596847163,17.137915796,-27.218552809,19.910294674,17.137915796,-27.218552809,19.283399651,17.137915796,0.626895023,0.011317701,0.000000000,0.995214761,-0.077052454,0.060087421,-27.218552809,19.482689156,17.138731722,0.114160922,0.110156275
95,47.522078740,-26.720410136,19.557542759,17.167201992,-26.720410136,19.557542759,17.167201992,-26.720410136,19.870188817,17.167201992,-26.720410136,19.244896700,17.167201992,0.625292117,0.009598348,0.000000000,0.995351501,-0.077853888,0.056693572,-26.720410136,19.449938595,17.166627325,0.107605698,0.107292554
96,48.022640020,-26.222098719,19.518907051,17.194672123,-26.222098719,19.518907051,17.194672123,-26.222098719,19.831439267,17.194672123,-26.222098719,19.206374834,17.194672123,0.625064433,0.012374725,0.000000000,0.995615418,-0.077050922,0.053038617,-26.222098719,19.419499457,17.194137102,0.099409033,0.104778959
97,48.522866605,-25.724012081,19.480431172,17.220283537,-25.724012081,19.480431172,17.220283537,-25.724012081,19.792810769,17.220283537,-25.724012081,19.168051576,17.220283537,0.624759193,0.007656316,0.000000000,0.995684468,-0.078458348,0.049565383,-25.724012081,19.385236176,17.221158080,0.095199014,0.101811817
98,49.022727844,-25.226329288,19.440443136,17.244242928,-25.226329288,19.440443136,17.244242928,-25.226329288,19.753885497,17.244242928,-25.226329288,19.127000774,17.244242928,0.626884723,0.007722371,0.000000000,0.995531192,-0.082456126,0.046028618,-25.226329288,19.343214165,17.244295265,0.097228985,0.098554715
99,49.522240391,-24.729109035,19.398028794,17.266284436,-24.729109035,19.398028794,17.266284436,-24.729109035,19.712715315,17.266284436,-24.729109035,19.083342273,17.266284436,0.629373042,0.005466050,0.000000000,0.995235056,-0.087412847,0.043199288,-24.729109035,19.295389845,17.266166973,0.102639016,0.096482513
100,50.022275450,-24.231548217,19.353067531,17.287421549,-24.231548217,19.353067531,17.287421549,-24.231548217,19.669691259,17.287421549,-24.231548217,19.036443803,17.287421549,0.633247456,0.001815461,0.000000000,0.994905713,-0.091854517,0.041537573,-24.231548217,19.250944888,17.286832970,0.102124340,0.094682041
101,50.523324774,-23.733126918,19.306070935,17.307865471,-23.733126918,19.306070935,17.307865471,-23.733126918,19.625565077,17.307865471,-23.733126918,18.986576793,17.307865471,0.638988284,0.007618039,0.000000000,0.994685159,-0.095380302,0.038781856,-23.733126918,19.216945160,17.307285627,0.089127661,0.093043534
102,51.023885336,-23.235264939,19.257535540,17.326267686,-23.235264939,19.257535540,17.326267686,-23.235264939,19.581121585,17.326267686,-23.235264939,18.933949495,17.326267686,0.647172090,0.007695647,0.000000000,0.994555816,-0.098353195,0.034429311,-23.235264939,19.175612280,17.327510995,0.081932694,0.092299193
103,51.523432167,-22.738467844,19.207710356,17.342303081,-22.738467844,19.207710356,17.342303081,-22.738467844,19.535616422,17.342303081,-22.738467844,18.879804291,17.342303081,0.655812132,0.012059639,0.000000000,0.994435914,-0.101038282,0.029807346,-22.738467844,19.121420581,17.342898242,0.086291828,0.092852307
104,52.022087320,-22.242620364,19.156681587,17.356025419,-22.242620364,19.156681587,17.356025419,-22.242620364,19.488726618,17.356025419,-22.242620364,18.824636556,17.356025419,0.664090062,0.011157726,0.000000000,0.994389492,-0.102485638,0.026196033,-22.242620364,19.058344478,17.355246697,0.098340192,0.094075278
105,52.521133975,-21.746364515,19.105460221,17.368437851,-21.746364515,19.105460221,17.368437851,-21.746364515,19.442558313,17.368437851,-21.746364515,18.768362129,17.368437851,0.674196184,0.009445729,0.000000000,0.994280319,-0.103929687,0.024602186,-21.746364515,18.998704013,17.367981916,0.106757182,0.095960478
106,53.021592784,-21.248832990,19.052799737,17.380614653,-21.248832990,19.052799737,17.380614653,-21.248832990,19.394534314,17.380614653,-21.248832990,18.711065160,17.380614653,0.683469154,0.001343971,0.000000000,0.993779473,-0.108947870,0.023080728,-21.248832990,18.950666762,17.380302921,0.102133451,0.097819196
107,53.521821471,-20.751909384,18.996440011,17.391534842,-20.751909384,18.996440011,17.391534842,-20.751909384,19.342244060,17.391534842,-20.751909384,18.650635963,17.391534842,0.691608097,0.006945508,0.000000000,0.992700000,-0.118980592,0.019756746,-20.751909384,18.896676397,17.392172256,0.099765651,0.099589883
108,54.021704521,-20.256043714,18.933812864,17.400374600,-20.256043714,18.933812864,17.400374600,-20.256043714,19.281478561,17.400374600,-20.256043714,18.586147167,17.400374600,0.695331393,0.006854048,0.000000000,0.991417977,-0.129756333,0.015927582,-20.256043714,18.833232576,17.401082881,0.100582782,0.100269680
109,54.522014884,-19.760311735,18.866656277,17.407463817,-19.760311735,18.866656277,17.407463817,-19.760311735,19.213263606,17.407463817,-19.760311735,18.520048949,17.407463817,0.693214657,0.009836300,0.000000000,0.990471634,-0.137154677,0.012431300,-19.760311735,18.768314961,17.406665005,0.098344561,0.099149966
110,55.022868657,-19.264425270,18.796496146,17.412818408,-19.264425270,18.796496146,17.412818408,-19.264425270,19.137674420,17.412818408,-19.264425270,18.455317872,17.412818408,0.682356548,0.007746736,0.000000000,0.989670571,-0.143056663,0.009324843,-19.264425270,18.704622316,17.412368145,0.091874933,0.095717687
111,55.523787765,-18.768892050,18.723346384,17.416804962,-18.768892050,18.723346384,17.416804962,-18.768892050,19.056143486,17.416804962,-18.768892050,18.390549282,17.416804962,0.665594204,0.008249214,0.000000000,0.988835844,-0.148870477,0.006423019,-18.768892050,18.638170961,17.417393254,0.085177455,0.091704574
112,56.022875629,-18.275586223,18.647635794,17.419247051,-18.275586223,18.647635794,17.419247051,-18.275586223,18.968189069,17.419247051,-18.275586223,18.327082519,17.419247051,0.641106550,0.008796764,0.000000000,0.987801278,-0.155698965,0.002542995,-18.275586223,18.556794363,17.419594723,0.090842096,0.087268671
113,56.520395496,-17.784450454,18.568189808,17.419346661,-17.784450454,18.568189808,17.419346661,-17.784450454,18.874026237,17.419346661,-17.784450454,18.262353378,17.419346661,0.611672859,0.008840550,0.000000000,0.986290080,-0.165013541,-0.001552472,-17.784450454,18.463119355,17.419355866,0.105070453,0.081652077
114,57.019186289,-17.292953062,18.483220144,17.417695871,-17.292953062,18.483220144,17.417695871,-17.292953062,18.774929986,17.417695871,-17.292953062,18.191510302,17.417695871,0.583419684,0.003340840,0.000000000,0.983782756,-0.179303167,-0.004675935,-17.292953062,18.371564113,17.417544748,0.111656134,0.076704147
115,57.521984511,-16.799159615,18.388537404,17.414652503,-16.799159615,18.388537404,17.414652503,-16.799159615,18.667539541,17.414652503,-16.799159615,18.109535266,17.414652503,0.558004275,0.009714552,0.000000000,0.978771296,-0.204802783,-0.007910147,-16.799159615,18.293233380,17.414103189,0.095305607,0.074008655
116,58.026696304,-16.306986210,18.276845831,17.409720347,-16.306986210,18.276845831,17.409720347,-16.306986210,18.547995609,17.409720347,-16.306986210,18.005696053,17.409720347,0.542299556,0.005450293,0.000000000,0.970408149,-0.241179696,-0.011848113,-16.306986210,18.205461154,17.410183947,0.071386183,0.073586318
117,58.529750420,-15.821404714,18.145601503,17.402721753,-15.821404714,18.145601503,17.402721753,-15.821404714,18.414369137,17.402721753,-15.821404714,17.876833868,17.402721753,0.537535269,0.009114729,0.000000000,0.959655512,-0.280693793,-0.016501292,-15.821404714,18.087008571,17.402893602,0.058593184,0.079718609
118,59.034648547,-15.339929600,17.993908042,17.393081871,-15.339929600,17.993908042,17.393081871,-15.339929600,18.268045131,17.393081871,-15.339929600,17.719770953,17.393081871,0.548274178,0.010562447,0.000000000,0.946818182,-0.320977004,-0.022563085,-15.339929600,17.953593371,17.392714304,0.040316347,0.095461805
119,59.526711964,-14.877506380,17.826193062,17.380320300,-14.877506380,17.826193062,17.380320300,-14.877506380,18.113683002,17.380320300,-14.877506380,17.538703121,17.380320300,0.574979881,0.007709416,0.000000000,0.929606363,-0.367348802,-0.029780331,-14.877506380,17.768245513,17.380603252,0.057948239,0.120555806
120,59.999831066,-14.442652718,17.640468940,17.364492216,-14.442652718,17.640468940,17.364492216,-14.442652718,17.952195787,17.364492216,-14.442652718,17.328742093,17.364492216,0.623453693,0.010830712,0.000000000,0.907594980,-0.418213848,-0.036993638,-14.442652718,17.522067688,17.364758866,0.118401552,0.154468882
121,60.464339429,-14.026653416,17.434654100,17.345707878,-14.026653416,17.434654100,17.345707878,-14.026653416,17.788165407,17.345707878,-14.026653416,17.081142793,17.345707878,0.707022614,0.005666901,0.000000000,0.876425938,-0.479633079,-0.042774822,-14.026653416,17.245439477,17.345942011,0.189214768,0.195650024
122,60.930959578,-13.627371833,17.194099039,17.324687796,-13.627371833,17.194099039,17.324687796,-13.627371833,17.598752429,17.324687796,-13.627371833,16.789445649,17.324687796,0.809306780,0.005351470,0.000000000,0.840268386,-0.540198195,-0.046205505,-13.627371833,16.945361207,17.324237215,0.248738240,0.231366281
123,61.410900926,-13.232061103,16.922885904,17.301959848,-13.232061103,16.922885904,17.301959848,-13.232061103,17.374628114,17.301959848,-13.232061103,16.471143695,17.301959848,0.903484419,0.010106586,0.000000000,0.821596537,-0.568084878,-0.047525805,-13.232061103,16.640107621,17.301657228,0.282778445,0.259409618
124,61.911529141,-12.821832488,16.636930002,17.278078583,-12.821832488,16.636930002,17.278078583,-12.821832488,17.129286589,17.278078583,-12.821832488,16.144573416,17.278078583,0.984713173,0.009743576,0.000000000,0.829515453,-0.556395414,-0.048252013,-12.821832488,16.355309408,17.278528979,0.281620954,0.278863340
125,62.423570966,-12.391943827,16.359877226,17.253092001,-12.391943827,16.359877226,17.253092001,-12.391943827,16.885235419,17.253092001,-12.391943827,15.834519033,17.253092001,1.050716386,0.008274905,0.000000000,0.841200508,-0.538158807,-0.052600415,-12.391943827,16.102004387,17.252734630,0.257873087,0.293621632
126,62.900374180,-11.990136588,16.104581837,17.226324269,-11.990136588,16.104581837,17.226324269,-11.990136588,16.653170745,17.226324269,-11.990136588,15.555992929,17.226324269,1.097177815,0.004260356,0.000000000,0.828477849,-0.557193073,-0.056216836,-11.990136588,15.805742331,17.226776571,0.298839848,0.300360182
127,63.399676265,-11.584217582,15.815197420,17.198235255,-11.584217582,15.815197420,17.198235255,-11.584217582,16.376333254,17.198235255,-11.584217582,15.254061586,17.198235255,1.122271668,0.007778519,0.000000000,0.823222814,-0.564913362,-0.056365708,-11.584217582,15.515197916,17.198780552,0.300000000,0.296389747
128,63.899295753,-11.167926842,15.540377443,17.170028302,-11.167926842,15.540377443,17.170028302,-11.167926842,16.105164317,17.170028302,-11.167926842,14.975590568,17.170028302,1.129573748,0.009852072,0.000000000,0.884902301,-0.462483212,-0.055291925,-11.167926842,15.240378017,17.169441295,0.300000000,0.283437314
129,64.397975262,-10.705468572,15.355714930,17.143319556,-10.705468572,15.355714930,17.143319556,-10.705468572,15.916694279,17.143319556,-10.705468572,14.794735582,17.143319556,1.121958697,0.007301473,0.000000000,0.944074105,-0.325527490,-0.052497028,-10.705468572,15.055717183,17.142156901,0.300000000,0.262499544
130,64.910082394,-10.214364432,15.212953726,17.117057848,-10.214364432,15.212953726,17.117057848,-10.214364432,15.759250583,17.117057848,-10.214364432,14.666656868,17.117057848,1.092593714,0.005083574,0.000000000,0.934945607,-0.350885462,-0.052498614,-10.214364432,14.967402019,17.117758062,0.245552705,0.232189220
131,65.455810846,-9.721365632,14.980745801,17.087882411,-9.721365632,14.980745801,17.087882411,-9.721365632,15.503637278,17.087882411,-9.721365632,14.457854324,17.087882411,1.045782954,0.008824816,0.000000000,0.892396027,-0.448311712,-0.051438701,-9.721365632,14.888265864,17.092430723,0.092591716,0.193517321
132,65.992308845,-9.248689857,14.728347705,17.061369851,-9.248689857,14.728347705,17.061369851,-9.248689857,15.222686269,17.061369851,-9.248689857,14.234009142,17.061369851,0.988677127,0.004216051,0.000000000,0.868162169,-0.494303968,-0.044249696,-9.248689857,14.733925749,17.061222877,0.005579980,0.148168414
133,66.500094998,-8.814347128,14.466060878,17.041400081,-8.814347128,14.466060878,17.041400081,-8.814347128,14.928279120,17.041400081,-8.814347128,14.003842637,17.041400081,0.924436484,0.005716724,0.000000000,0.848832976,-0.527806329,-0.030050928,-8.814347128,14.488621172,17.034024390,0.023735367,0.097859265
134,66.990305205,-8.401432989,14.202051238,17.031062278,-8.401432989,14.202051238,17.031062278,-8.401432989,14.623079708,17.031062278,-8.401432989,13.781022767,17.031062278,0.842056940,0.009152578,0.000000000,0.851749038,-0.523833814,-0.011032328,-8.401432989,14.206779301,17.029878970,0.004873890,0.047877622
135,67.479462217,-7.980360909,13.953108172,17.030576410,-7.980360909,13.953108172,17.030576410,-7.980360909,14.331029695,17.030576410,-7.980360909,13.575186649,17.030576410,0.755843046,0.012056521,0.000000000,0.872775776,-0.488098450,0.004727229,-7.980360909,13.937173767,17.032515670,0.016051978,0.010611137
136,67.959044664,-7.556415193,13.728954660,17.035531919,-7.556415193,13.728954660,17.035531919,-7.556415193,14.078736369,17.035531919,-7.556415193,13.379172952,17.035531919,0.699563417,0.006768580,0.000000000,0.904843481,-0.425633336,0.009723051,-7.556415193,13.672147491,17.035261687,0.056807812,-0.014854567
137,68.434987466,-7.116839142,13.546538375,17.039861484,-7.116839142,13.546538375,17.039861484,-7.116839142,13.885961487,17.039861484,-7.116839142,13.207115264,17.039861484,0.678846223,0.008076845,0.000000000,0.940812043,-0.338800592,0.009319755,-7.116839142,13.434291348,17.039567233,0.112247413,-0.018550511
138,68.924754966,-6.648474380,13.403412972,17.044527517,-6.648474380,13.403412972,17.044527517,-6.648474380,13.752439283,17.044527517,-6.648474380,13.054386660,17.044527517,0.698052623,0.008856034,0.000000000,0.967693603,-0.251967139,0.009036144,-6.648474380,13.261290881,17.045249164,0.142123923,-0.010272218
139,69.429403037,-6.155099923,13.297427776,17.048823982,-6.155099923,13.297427776,17.048823982,-6.155099923,13.683529370,17.048823982,-6.155099923,12.911326182,17.048823982,0.772203188,0.006038334,0.000000000,0.985118727,-0.171702884,0.007695029,-6.155099923,13.186766467,17.049202328,0.110661956,0.007214275
140,69.930901756,-5.658093211,13.230544116,17.052269159,-5.658093211,13.230544116,17.052269159,-5.658093211,13.649836048,17.052269159,-5.658093211,12.811252185,17.052269159,0.838583863,0.008653562,0.000000000,0.992632944,-0.121029873,0.005622201,-5.658093211,13.226936249,17.051533614,0.003682083,0.034775017
141,70.431041835,-5.160921852,13.176175503,17.054458343,-5.160921852,13.176175503,17.054458343,-5.160921852,13.621294491,17.054458343,-5.160921852,12.731056514,17.054458343,0.890237977,0.011353340,0.000000000,0.997197776,-0.074726946,0.003532481,-5.160921852,13.276817118,17.054819111,0.100642262,0.055568378
142,70.927284519,-4.665096725,13.155866345,17.055793402,-4.665096725,13.155866345,17.055793402,-4.665096725,13.613677496,17.055793402,-4.665096725,12.698055195,17.055793402,0.915622301,0.009783023,0.000000000,0.999966711,-0.007983879,0.001683609,-4.665096725,13.221542508,17.056403282,0.065678994,0.093014238
143,71.413803501,-4.178721773,13.167698992,17.056131452,-4.178721773,13.167698992,17.056131452,-4.178721773,13.645151445,17.056131452,-4.178721773,12.690246538,17.056131452,0.954904907,0.009681551,0.000000000,0.998324171,0.057867528,0.000444854,-4.178721773,13.105799603,17.056222505,0.061899456,0.140612002
144,71.895850286,-3.698676881,13.211585164,17.056226259,-3.698676881,13.211585164,17.056226259,-3.698676881,13.727133772,17.056226259,-3.698676881,12.696036556,17.056226259,1.031097217,0.009487043,0.000000000,0.999997890,0.001515510,0.001386460,-3.698676881,12.966165072,17.056246066,0.245420093,0.204901185
145,72.387287306,-3.209225537,13.167470444,17.057498076,-3.209225537,13.167470444,17.057498076,-3.209225537,13.718140468,17.057498076,-3.209225537,12.616800419,17.057498076,1.101340049,0.002656127,0.000000000,0.998214768,-0.059558402,0.004480397,-3.209225537,12.867471756,17.056610770,0.300000000,0.245927020
146,72.882596270,-2.714135803,13.153078500,17.060659917,-2.714135803,13.153078500,17.060659917,-2.714135803,13.735087536,17.060659917,-2.714135803,12.571069464,17.060659917,1.164018072,0.005156523,0.000000000,0.999782029,0.019623878,0.007127234,-2.714135803,12.853078544,17.060497905,0.300000000,0.255996137
147,73.382469817,-2.215458952,13.187422668,17.064589232,-2.215458952,13.187422668,17.064589232,-2.215458952,13.793431159,17.064589232,-2.215458952,12.581414177,17.064589232,1.212016983,0.006039404,0.000000000,0.998974841,0.044557172,0.007995335,-2.215458952,12.887423552,17.065317520,0.300000000,0.257406485
148,73.873899490,-1.724151724,13.197640051,17.068581221,-1.724151724,13.197640051,17.068581221,-1.724151724,13.817577836,17.068581221,-1.724151724,12.577702266,17.068581221,1.239875570,0.007384504,0.000000000,0.999418296,0.033294425,0.007385794,-1.724151724,12.974508765,17.068720116,0.223131329,0.258035230
149,74.367126920,-1.231453636,13.220248706,17.071858476,-1.231453636,13.220248706,17.071858476,-1.231453636,13.844404314,17.071858476,-1.231453636,12.596093098,17.071858476,1.248311215,0.008600901,0.000000000,0.997538715,0.069876587,0.005811661,-1.231453636,13.058476785,17.071420731,0.161772513,0.266641706
150,74.867343531,-0.733468202,13.267376205,17.074341334,-0.733468202,13.267376205,17.074341334,-0.733468202,13.885606911,17.074341334,-0.733468202,12.649145500,17.074341334,1.236461411,0.009331311,0.000000000,0.997971062,0.063539871,0.004055092,-0.733468202,13.061337215,17.074271601,0.206039002,0.279210545
151,75.361207403,-0.239878977,13.283770536,17.075899171,-0.239878977,13.283770536,17.075899171,-0.239878977,13.886028235,17.075899171,-0.239878977,12.681512837,17.075899171,1.204515399,0.011678980,0.000000000,0.998867018,0.047564737,0.001508621,-0.239878977,12.983770702,17.076214776,0.300000000,0.291905707
152,75.860537005,0.258487429,13.314770073,17.075821436,0.258487429,13.314770073,17.075821436,0.258487429,13.893607611,17.075821436,0.258487429,12.735932534,17.075821436,1.157675077,0.009736062,0.000000000,0.998732839,0.050294954,-0.001770548,0.258487429,13.014770282,17.076175826,0.300000000,0.288591893
153,76.359898759,0.757476098,13.333995348,17.074130962,0.757476098,13.333995348,17.074130962,0.757476098,13.888652828,17.074130962,0.757476098,12.779337867,17.074130962,1.109314961,0.008478704,0.000000000,0.999686775,0.024655061,-0.004298860,0.757476098,13.033995352,17.074182663,0.300000000,0.272422403
154,76.855879100,1.253420257,13.339401273,17.071549164,1.253420257,13.339401273,17.071549164,1.253420257,13.876166586,17.071549164,1.253420257,12.802635959,17.071549164,1.073530627,0.005776182,0.000000000,0.999814998,-0.018475731,-0.005349455,1.253420257,13.094654113,17.071121525,0.244747533,0.250933593
155,77.354079434,1.751039623,13.315504412,17.068814311,1.751039623,13.315504412,17.068814311,1.751039623,13.834329421,17.068814311,1.751039623,12.796679402,17.068814311,1.037650018,0.007189530,0.000000000,0.999860413,-0.015803793,-0.005421650,1.751039623,13.142886283,17.068699483,0.172618167,0.222010721
156,77.853586911,2.250472289,13.323726104,17.066142935,2.250472289,13.323726104,17.066142935,2.250472289,13.824961669,17.066142935,2.250472289,12.822490539,17.066142935,1.002471129,0.009302135,0.000000000,0.999489545,0.031494896,-0.005359144,2.250472289,13.139290203,17.066234119,0.184435923,0.219170253
157,78.353244202,2.749581244,13.346973947,17.063460245,2.749581244,13.346973947,17.063460245,2.749581244,13.830747409,17.063460245,2.749581244,12.863200485,17.063460245,0.967546924,0.003795241,0.000000000,0.999073109,0.042702084,-0.005427300,2.749581244,13.166228043,17.063744644,0.180746128,0.222242290
158,78.849872692,3.245826380,13.366292378,17.060736183,3.245826380,13.366292378,17.060736183,3.245826380,13.819536665,17.060736183,3.245826380,12.913048092,17.060736183,0.906488573,0.004226442,0.000000000,0.999937243,-0.010080124,-0.004888916,3.245826380,13.110665735,17.060679993,0.255626650,0.224147462
159,79.349941176,3.745008059,13.336601197,17.058597522,3.745008059,13.336601197,17.058597522,3.745008059,13.759038557,17.058597522,3.745008059,12.914163837,17.058597522,0.844874720,0.008360017,0.000000000,0.996382415,-0.084899547,-0.003761698,3.745008059,13.096705777,17.058170597,0.239895800,0.192062896
160,79.850331685,4.242337950,13.281365280,17.056974325,4.242337950,13.281365280,17.056974325,4.242337950,13.673293995,17.056974325,4.242337950,12.889436565,17.056974325,0.783857431,0.008313878,0.000000000,0.994802640,-0.101775972,-0.003059253,4.242337950,13.146772623,17.056699608,0.134592937,0.142051867
161,80.347178245,4.737018957,13.235049369,17.055545531,4.737018957,13.235049369,17.055545531,4.737018957,13.618419911,17.055545531,4.737018957,12.851678827,17.055545531,0.766741084,0.011775657,0.000000000,0.997598024,-0.069202555,-0.003031374,4.737018957,13.219452499,17.056096881,0.015606612,0.097411572
162,80.845610921,5.234942647,13.212585849,17.053957649,5.234942647,13.212585849,17.053957649,5.234942647,13.598088185,17.053957649,5.234942647,12.827083514,17.053957649,0.771004671,0.009686225,0.000000000,0.999955081,-0.008656890,-0.003859392,5.234942647,13.261677637,17.053990081,0.049091798,0.056704462
163,81.343294156,5.732429655,13.226377273,17.051704682,5.732429655,13.226377273,17.051704682,5.732429655,13.604617333,17.051704682,5.732429655,12.848137214,17.051704682,0.756480119,0.008384855,0.000000000,0.997303104,0.073163398,-0.005799634,5.732429655,13.218023201,17.051281114,0.008364803,0.023138795
164,81.844283511,6.229860639,13.285876932,17.048163352,6.229860639,13.285876932,17.048163352,6.229860639,13.650490225,17.048163352,6.229860639,12.921263638,17.048163352,0.729226587,0.002435277,0.000000000,0.984634180,0.174455486,-0.007798338,6.229860639,13.192423205,17.048677652,0.093455142,-0.000093518
165,82.348809451,6.720844076,13.401908231,17.043870760,6.720844076,13.401908231,17.043870760,6.720844076,13.754601529,17.043870760,6.720844076,13.049214933,17.043870760,0.705386596,0.012269854,0.000000000,0.958810018,0.283902373,-0.009098990,6.720844076,13.281846578,17.044439247,0.120062998,-0.009567866
166,82.841411369,7.184836039,13.567273033,17.039117885,7.184836039,13.567273033,17.039117885,7.184836039,13.920555135,17.039117885,7.184836039,13.213990931,17.039117885,0.706564204,0.006344436,0.000000000,0.925464412,0.378715204,-0.009508787,7.184836039,13.466314928,17.038692525,0.100959001,-0.008972331
167,83.322859640,7.621742443,13.769473321,17.034615027,7.621742443,13.769473321,17.034615027,7.621742443,14.136649270,17.034615027,7.621742443,13.402297373,17.034615027,0.734351897,0.008304774,0.000000000,0.894660969,0.446642921,-0.009583984,7.621742443,13.709116812,17.034744692,0.060356649,0.002738318
168,83.802806467,8.044623107,13.996406681,17.029908590,8.044623107,13.996406681,17.029908590,8.044623107,14.388665598,17.029908590,8.044623107,13.604147764,17.029908590,0.784517834,0.008059623,0.000000000,0.872093800,0.489329523,-0.003003776,8.044623107,13.975867101,17.032053540,0.020651275,0.024762405
169,84.290403862,8.465218868,14.243078111,17.031814254,8.465218868,14.243078111,17.031814254,8.465218868,14.668232346,17.031814254,8.465218868,13.817923876,17.031814254,0.850308470,0.006204339,0.000000000,0.854377023,0.519457553,0.014274204,8.465218868,14.246207293,17.029093614,0.004146524,0.056045203
170,84.780550499,8.879791687,14.504280450,17.043915566,8.879791687,14.504280450,17.043915566,8.879791687,14.966810242,17.043915566,8.879791687,14.041750657,17.043915566,0.925059585,0.011573363,0.000000000,0.852940378,0.520934275,0.033469290,8.879791687,14.525499081,17.036448362,0.022494209,0.098712425
171,85.286447175,9.314889790,14.761493069,17.065427318,9.314889790,14.761493069,17.065427318,9.314889790,15.256327107,17.065427318,9.314889790,14.266659031,17.065427318,0.989668077,0.004983988,0.000000000,0.873564726,0.484433120,0.047002351,9.314889790,14.769336458,17.066813975,0.007965021,0.139162508
172,85.819523798,9.787764079,15.006036546,17.092978741,9.787764079,15.006036546,17.092978741,9.787764079,15.529641063,17.092978741,9.787764079,14.482432030,17.092978741,1.047209033,0.006758088,0.000000000,0.897570675,0.437690476,0.052857644,9.787764079,14.923647432,17.097288904,0.082501780,0.174692472
173,86.363849099,10.281893280,15.232446688,17.122386462,10.281893280,15.232446688,17.122386462,10.281893280,15.779259648,17.122386462,10.281893280,14.685633727,17.122386462,1.093625922,0.009393292,0.000000000,0.922719483,0.381872282,0.052557730,10.281893280,14.994744425,17.122327345,0.237702270,0.202788573
174,86.881642682,10.766413901,15.413139937,17.148842298,10.766413901,15.413139937,17.148842298,10.766413901,15.973944953,17.148842298,10.766413901,14.852334921,17.148842298,1.121610032,0.004768943,0.000000000,0.922523201,0.382303552,0.052867165,10.766413901,15.113142544,17.147591654,0.300000000,0.220228423
175,87.380346959,11.219570786,15.619575821,17.176027219,11.219570786,15.619575821,17.176027219,11.219570786,16.183217695,17.176027219,11.219570786,15.055933948,17.176027219,1.127283747,0.013600142,0.000000000,0.874735822,0.481282307,0.056609027,11.219570786,15.319576040,17.175664830,0.300000000,0.225866922
176,87.866469237,11.626391319,15.884165129,17.204389538,11.626391319,15.884165129,17.204389538,11.626391319,16.442628535,17.204389538,11.626391319,15.325701724,17.204389538,1.116926811,0.004104978,0.000000000,0.848003444,0.526685999,0.059093289,11.626391319,15.608216766,17.204999380,0.275949037,0.225916498
177,88.338787825,12.031862301,16.124748707,17.232632640,12.031862301,16.124748707,17.232632640,12.031862301,16.669641935,17.232632640,12.031862301,15.579855480,17.232632640,1.089786455,0.009558602,0.000000000,0.849040690,0.525158295,0.057781251,12.031862301,15.899347369,17.232828115,0.225401423,0.218196272
178,88.819337485,12.435115325,16.384745353,17.259404234,12.435115325,16.384745353,17.259404234,12.435115325,16.906099046,17.259404234,12.435115325,15.863391660,17.259404234,1.042707386,0.006326420,0.000000000,0.832904446,0.550860214,0.053133877,12.435115325,16.193718086,17.259252208,0.191027328,0.204748720
179,89.317963566,12.847129730,16.664458114,17.284561166,12.847129730,16.664458114,17.284561166,12.847129730,17.152794192,17.284561166,12.847129730,16.176122035,17.284561166,0.976672156,0.006415597,0.000000000,0.819592397,0.570785313,0.049723530,12.847129730,16.475733817,17.284824964,0.188724481,0.189007574
180,89.806679278,13.244409608,16.948074460,17.308509312,13.244409608,16.948074460,17.308509312,13.244409608,17.395605594,17.308509312,13.244409608,16.500543326,17.308509312,0.895062269,0.009972924,0.000000000,0.820583117,0.569511687,0.047956086,13.244409608,16.778253328,17.308153484,0.169821505,0.169204964
181,90.284408721,13.639944425,17.215048393,17.330926899,13.639944425,17.215048393,17.330926899,13.639944425,17.616293350,17.330926899,13.639944425,16.813803437,17.330926899,0.802489913,0.012063511,0.000000000,0.847046358,0.529647003,0.044570379,13.639944425,17.083171350,17.330661972,0.131877309,0.146112817
182,90.760674840,14.051941347,17.453133691,17.351010306,14.051941347,17.453133691,17.351010306,14.051941347,17.803691747,17.351010306,14.051941347,17.102575636,17.351010306,0.701116111,0.004982692,0.000000000,0.884199340,0.465471417,0.039088199,14.051941347,17.365414753,17.351447962,0.087720030,0.120421141
183,91.245634819,14.489507884,17.661505431,17.368415038,14.489507884,17.661505431,17.368415038,14.489507884,17.973030773,17.368415038,14.489507884,17.349980090,17.368415038,0.623050684,0.004098831,0.000000000,0.914779926,0.402629807,0.032663816,14.489507884,17.605955877,17.368872367,0.055551437,0.096736549
184,91.744355424,14.951714446,17.848250095,17.383035792,14.951714446,17.848250095,17.383035792,14.951714446,18.136481386,17.383035792,14.951714446,17.560018804,17.383035792,0.576462581,0.006099757,0.000000000,0.934417313,0.355185371,0.026601462,14.951714446,17.795851496,17.382682584,0.052399790,0.079279333
185,92.241686078,15.420012162,18.015264928,17.394913242,15.420012162,18.015264928,17.394913242,15.420012162,18.290784217,17.394913242,15.420012162,17.739745640,17.394913242,0.551038577,0.009989431,0.000000000,0.948108305,0.317249965,0.021049976,15.420012162,17.970080078,17.394491814,0.045186815,0.069539560
186,92.743429413,15.898811860,18.164977927,17.404036939,15.898811860,18.164977927,17.404036939,15.898811860,18.435774175,17.404036939,15.898811860,17.894181680,17.404036939,0.541592495,0.009511800,0.000000000,0.961025717,0.276006129,0.015817298,15.898811860,18.113579171,17.404664223,0.051402584,0.068201102
187,93.247316105,16.386208446,18.292651570,17.410804996,16.386208446,18.292651570,17.410804996,16.386208446,18.565802982,17.410804996,16.386208446,18.019500158,17.410804996,0.546302824,0.006997443,0.000000000,0.972104248,0.234281903,0.011194706,16.386208446,18.224124639,17.411112079,0.068527619,0.070932431
188,93.752482114,16.879534932,18.401285105,17.415325026,16.879534932,18.401285105,17.415325026,16.879534932,18.682830564,17.415325026,16.879534932,18.119739647,17.415325026,0.563090916,0.010777819,0.000000000,0.979585378,0.200898884,0.007219750,16.879534932,18.304978160,17.414701440,0.096308964,0.075832088
189,94.255083393,17.373283384,18.495162005,17.418088900,17.373283384,18.495162005,17.418088900,17.373283384,18.789627052,17.418088900,17.373283384,18.200696958,17.418088900,0.588930094,0.007200241,0.000000000,0.983385433,0.181480446,0.004235314,17.373283384,18.383595269,17.417952267,0.111566820,0.079931128
190,94.753078953,17.863483293,18.582919741,17.419574392,17.863483293,18.582919741,17.419574392,17.863483293,18.892151309,17.419574392,17.863483293,18.273688173,17.419574392,0.618463136,0.010325737,0.000000000,0.985566702,0.169284152,0.001073355,17.863483293,18.481992818,17.419520346,0.100926937,0.085961290
191,95.251032120,18.354831043,18.663756439,17.419158040,18.354831043,18.663756439,17.419158040,18.354831043,18.987281236,17.419158040,18.354831043,18.340231642,17.419158040,0.647049594,0.006630642,0.000000000,0.987817795,0.155581227,-0.003238146,18.354831043,18.574540696,17.419567300,0.089216682,0.090030932
192,95.750460408,18.848691579,18.738069503,17.416337714,18.848691579,18.738069503,17.416337714,18.848691579,19.072999337,17.416337714,18.848691579,18.403139668,17.416337714,0.669859669,0.002764347,0.000000000,0.989495509,0.144390772,-0.007066963,18.848691579,18.652433780,17.416849257,0.085637251,0.093106748
193,96.251575427,19.344855444,18.808209184,17.412082518,19.344855444,18.808209184,17.412082518,19.344855444,19.150583953,17.412082518,19.344855444,18.465834416,17.412082518,0.684749536,0.006438903,0.000000000,0.990370007,0.138087785,-0.009950552,19.344855444,18.713844722,17.411421897,0.094366775,0.095257708
194,96.752385920,19.840965567,18.876423926,17.406368919,19.840965567,18.876423926,17.406368919,19.840965567,19.223300191,17.406368919,19.840965567,18.529547662,17.406368919,0.693752529,0.010730644,0.000000000,0.990893677,0.134015400,-0.013022772,19.840965567,18.775777023,17.405630402,0.100649613,0.096895237
195,97.252042461,20.336207562,18.942291731,17.399057433,20.336207562,18.942291731,17.399057433,20.336207562,19.290790522,17.399057433,20.336207562,18.593792939,17.399057433,0.696997584,0.008403273,0.000000000,0.991847924,0.126365055,-0.016418521,20.336207562,18.844343541,17.400026982,0.097952988,0.098009393
196,97.751763948,20.832180081,19.002707562,17.389960653,20.832180081,19.002707562,17.389960653,20.832180081,19.349214570,17.389960653,20.832180081,18.656200554,17.389960653,0.693014016,0.003870009,0.000000000,0.993155703,0.115017189,-0.020317381,20.832180081,18.906802381,17.390349823,0.095905970,0.098017387
197,98.251830374,21.329133447,19.057278193,17.378743304,21.329133447,19.057278193,17.378743304,21.329133447,19.398924686,17.378743304,21.329133447,18.715631699,17.378743304,0.683292988,0.009472898,0.000000000,0.994053413,0.106314991,-0.023557036,21.329133447,18.960567661,17.378457664,0.096710953,0.097313532
198,98.752315774,21.826777665,19.109078370,17.366389783,21.826777665,19.109078370,17.366389783,21.826777665,19.445420495,17.366389783,21.826777665,18.772736245,17.366389783,0.672684250,0.004179125,0.000000000,0.994363004,0.103034294,-0.025023018,21.826777665,19.007339101,17.365902148,0.101740438,0.096014602
199,99.252211173,22.323874891,19.160352253,17.353711162,22.323874891,19.160352253,17.353711162,22.323874891,19.491965900,17.353711162,22.323874891,18.828738607,17.353711162,0.663227292,0.011255152,0.000000000,0.994373596,0.102448889,-0.026932829,22.323874891,19.059429959,17.352968394,0.100925028,0.094731402
200,99.751293168,22.820133227,19.211422563,17.339487082,22.820133227,19.211422563,17.339487082,22.820133227,19.538754970,17.339487082,22.820133227,18.884090156,17.339487082,0.654664814,0.013491737,0.000000000,0.994402473,0.101109269,-0.030669819,22.820133227,19.119153199,17.340415702,0.092274037,0.093882851
201,100.251166715,23.317235760,19.261353673,17.323070035,23.317235760,19.261353673,17.323070035,23.317235760,19.584920990,17.323070035,23.317235760,18.937786355,17.323070035,0.647134635,0.007239588,0.000000000,0.994536101,0.098323229,-0.035078285,23.317235760,19.170211559,17.323964274,0.091146500,0.094067738
202,100.751515034,23.814886344,19.309765753,17.304399022,23.814886344,19.309765753,17.304399022,23.814886344,19.630470163,17.304399022,23.814886344,18.989061344,17.304399022,0.641408819,0.006367930,0.000000000,0.994595862,0.096174007,-0.039110500,23.814886344,19.214076386,17.303658807,0.095692230,0.095384348
203,101.251972450,24.312631228,19.357604871,17.283927700,24.312631228,19.357604871,17.283927700,24.312631228,19.676104441,17.283927700,24.312631228,19.039105302,17.283927700,0.636999138,0.007469628,0.000000000,0.994671850,0.094343498,-0.041559783,24.312631228,19.256985664,17.283522368,0.100620024,0.097751689
204,101.751965308,24.810004994,19.404152796,17.262821175,24.810004994,19.404152796,17.262821175,24.810004994,19.721238373,17.262821175,24.810004994,19.087067218,17.262821175,0.634171155,0.006384200,0.000000000,0.994956803,0.090402402,-0.043455336,24.810004994,19.303615406,17.262697112,0.100537466,0.100538870
205,102.251786839,25.307398894,19.447991017,17.240481048,25.307398894,19.447991017,17.240481048,25.307398894,19.763984578,17.240481048,25.307398894,19.131997457,17.240481048,0.631987121,0.002641614,0.000000000,0.995317620,0.084657579,-0.046646872,25.307398894,19.349618995,17.240776849,0.098372467,0.103041080
206,102.751941335,25.805292322,19.488805756,17.216174429,25.805292322,19.488805756,17.216174429,25.805292322,19.804117785,17.216174429,25.805292322,19.173493727,17.216174429,0.630624059,0.004904493,0.000000000,0.995546540,0.079809231,-0.050175428,25.805292322,19.388622168,17.216851174,0.100185874,0.105705734
207,103.252246773,26.303400492,19.527836185,17.190282210,26.303400492,19.527836185,17.190282210,26.303400492,19.843522859,17.190282210,26.303400492,19.212149511,17.190282210,0.631373347,0.010092805,0.000000000,0.995557396,0.077391761,-0.053628231,26.303400492,19.422364194,17.189515901,0.105474775,0.108336338
208,103.752737359,26.801640239,19.566258741,17.162502919,26.801640239,19.566258741,17.162502919,26.801640239,19.882267288,17.162502919,26.801640239,19.250250194,17.162502919,0.632017094,0.009349517,0.000000000,0.995500421,0.075508576,-0.057248289,26.801640239,19.454145822,17.162211426,0.112113298,0.110508891
209,104.253007297,27.299655711,19.603402568,17.132991284,27.299655711,19.603402568,17.132991284,27.299655711,19.920532719,17.132991284,27.299655711,19.286272418,17.132991284,0.634260300,0.009847173,0.000000000,0.995591182,0.071556478,-0.060645441,27.299655711,19.488421239,17.133866292,0.114984659,0.112017666
210,104.752984208,27.797472157,19.637834102,17.101843780,27.797472157,19.637834102,17.101843780,27.797472157,19.956107994,17.101843780,27.797472157,19.319560209,17.101843780,0.636547785,0.010759127,0.000000000,0.995673194,0.067362328,-0.064009430,27.797472157,19.522302731,17.101797853,0.115531380,0.111464503
211,105.252850923,28.295170626,19.670754519,17.068992406,28.295170626,19.670754519,17.068992406,28.295170626,19.990135850,17.068992406,28.295170626,19.351373187,17.068992406,0.638762663,0.008741182,0.000000000,0.995516024,0.067394353,-0.066376555,28.295170626,19.557030926,17.068802607,0.113723751,0.109310102
212,105.752558176,28.792562708,19.705199159,17.035495806,28.792562708,19.705199159,17.035495806,28.792562708,20.026857337,17.035495806,28.792562708,19.383540981,17.035495806,0.643316357,0.005543819,0.000000000,0.995326980,0.068563734,-0.067994239,28.792562708,19.594903569,17.034777968,0.110297926,0.105542401
213,106.252013205,29.289663296,19.739260964,17.001055649,29.289663296,19.739260964,17.001055649,29.289663296,20.063587020,17.001055649,29.289663296,19.414934907,17.001055649,0.648652113,0.006639206,0.000000000,0.995264077,0.066572873,-0.070834100,29.289663296,19.636629357,17.000907683,0.102631713,0.099971582
214,106.751855150,29.787123998,19.771723766,16.964710269,29.787123998,19.771723766,16.964710269,29.787123998,20.098286072,16.964710269,29.787123998,19.445161460,16.964710269,0.653124612,0.004065427,0.000000000,0.995407120,0.059702407,-0.074835077,29.787123998,19.672866037,16.966065857,0.098867023,0.094227679
215,107.251255828,30.284300467,19.798921825,16.926280317,30.284300467,19.798921825,16.926280317,30.284300467,20.128602312,16.926280317,30.284300467,19.469241339,16.926280317,0.659360973,0.006168565,0.000000000,0.995557926,0.050984341,-0.079151837,30.284300467,19.707685737,16.926077066,0.091236315,0.086740105
216,107.750195542,30.781021280,19.822626267,16.885692488,30.781021280,19.822626267,16.885692488,30.781021280,20.157018866,16.885692488,30.781021280,19.488233667,16.885692488,0.668785199,0.009361918,0.000000000,0.995456186,0.047573605,-0.082484749,30.781021280,19.747552033,16.885145712,0.075076225,0.080554267
217,108.249212739,31.277722184,19.846398212,16.843963969,31.277722184,19.846398212,16.843963969,31.277722184,20.185628566,16.843963969,31.277722184,19.507167859,16.843963969,0.678460707,0.008235680,0.000000000,0.995149474,0.050618746,-0.084352038,31.277722184,19.787219070,16.843809832,0.059179343,0.075219892
218,108.748680499,31.774658161,19.873170771,16.801467987,31.774658161,19.873170771,16.801467987,31.774658161,20.217475003,16.801467987,31.774658161,19.528866539,16.801467987,0.688608465,0.009820822,0.000000000,0.994805964,0.053079567,-0.086854203,31.774658161,19.821360936,16.801259415,0.051810255,0.073437734
219,109.249392701,32.272705151,19.899485938,16.757089870,32.272705151,19.899485938,16.757089870,32.272705151,20.249543214,16.757089870,32.272705151,19.549428662,16.757089870,0.700114552,0.007590750,0.000000000,0.994627350,0.050217916,-0.090524006,32.272705151,19.822918951,16.757979789,0.076572159,0.074242924
220,109.749845514,32.770439789,19.923448176,16.710839912,32.770439789,19.923448176,16.710839912,32.770439789,20.279105014,16.710839912,32.770439789,19.567791339,16.710839912,0.711313675,0.008983534,0.000000000,0.994676845,0.043492959,-0.093414865,32.770439789,19.818959848,16.710947541,0.104488384,0.078045277
221,110.249771007,33.267748112,19.942999536,16.663641663,33.267748112,19.942999536,16.663641663,33.267748112,20.304339673,16.663641663,33.267748112,19.581659400,16.663641663,0.722680273,0.006530215,0.000000000,0.994772912,0.034197106,-0.096215448,33.267748112,19.836119372,16.662425761,0.106887080,0.083514741
222,110.749417579,33.764773401,19.957632919,16.614667960,33.764773401,19.957632919,16.614667960,33.764773401,20.325187169,16.614667960,33.764773401,19.590078670,16.614667960,0.735108499,0.009976832,0.000000000,0.994606920,0.026213196,-0.100349108,33.764773401,19.861505558,16.614314167,0.096128013,0.091610728
223,111.248095296,34.260681268,19.969174564,16.563465971,34.260681268,19.969174564,16.563465971,34.260681268,20.342453947,16.563465971,34.260681268,19.595895180,16.563465971,0.746558767,0.012511873,0.000000000,0.994179493,0.022476679,-0.105365718,34.260681268,19.901652519,16.565264506,0.067545993,0.101904957
224,111.747837308,34.757377389,19.980072569,16.509463426,34.757377389,19.980072569,16.509463426,34.757377389,20.359696760,16.509463426,34.757377389,19.600448378,16.509463426,0.759248383,0.010091384,0.000000000,0.993614587,0.022126269,-0.110636704,34.757377389,19.903128371,16.509644849,0.076944412,0.114077181
225,112.247184590,35.253387813,19.991280355,16.452932434,35.253387813,19.991280355,16.452932434,35.253387813,20.377419548,16.452932434,35.253387813,19.605141161,16.452932434,0.772278387,0.008300633,0.000000000,0.993137993,0.023502681,-0.114562430,35.253387813,19.877566872,16.452065602,0.113716787,0.126290308
226,112.746838291,35.749521630,20.003552383,16.395014787,35.749521630,20.003552383,16.395014787,35.749521630,20.395686628,16.395014787,35.749521630,19.611418138,16.395014787,0.784268490,0.004361497,0.000000000,0.993025752,0.022346520,-0.115760484,35.749521630,19.854333885,16.394699628,0.149218831,0.136915699
227,113.246721304,36.245951091,20.013615451,16.337225937,36.245951091,20.013615451,16.337225937,36.245951091,20.412317878,16.337225937,36.245951091,19.614913024,16.337225937,0.797404854,0.008828062,0.000000000,0.993144010,0.018239057,-0.115465631,36.245951091,19.837829192,16.337476259,0.175786437,0.144386534
228,113.746602664,36.742429841,20.021787116,16.279576570,36.742429841,20.021787116,16.279576570,36.742429841,20.426573051,16.279576570,36.742429841,19.617001182,16.279576570,0.809571870,0.010457124,0.000000000,0.993092728,0.014525393,-0.116429574,36.742429841,19.842865337,16.279269464,0.178922043,0.148200779
229,114.246038498,37.238363567,20.028132516,16.220877108,37.238363567,20.028132516,16.220877108,37.238363567,20.439082486,16.220877108,37.238363567,19.617182547,16.220877108,0.821899939,0.009095817,0.000000000,0.992736274,0.015377711,-0.119323999,37.238363567,19.866554273,16.220525985,0.161578625,0.147577126
230,114.745817909,37.734381712,20.037154517,16.160345601,37.734381712,20.037154517,16.160345601,37.734381712,20.454357017,16.160345601,37.734381712,19.619952016,16.160345601,0.834405001,0.004731986,0.000000000,0.992162139,0.022091049,-0.122988922,37.734381712,19.888313654,16.161444374,0.148844918,0.145266970
231,115.245293978,38.229777350,20.050204449,16.097982112,38.229777350,20.050204449,16.097982112,38.229777350,20.472778481,16.097982112,38.229777350,19.627630417,16.097982112,0.845148064,0.002037695,0.000000000,0.991597361,0.028487723,-0.126186859,38.229777350,19.911999430,16.098046276,0.138205034,0.140883565
232,115.744836244,38.725001963,20.065614482,16.034282905,38.725001963,20.065614482,16.034282905,38.725001963,20.493332664,16.034282905,38.725001963,19.637896300,16.034282905,0.855436365,0.007724097,0.000000000,0.991242321,0.027413639,-0.129178763,38.725001963,19.935786878,16.033356998,0.129830906,0.137033491
233,116.244610315,39.220334716,20.077597554,15.968891834,39.220334716,20.077597554,15.968891834,39.220334716,20.510329025,15.968891834,39.220334716,19.644866083,15.968891834,0.865462942,0.012069055,0.000000000,0.991054673,0.019109816,-0.132081228,39.220334716,19.956942638,15.968606717,0.120655253,0.132874851
234,116.744615087,39.715824919,20.084717585,15.902231983,39.715824919,20.084717585,15.902231983,39.715824919,20.521450379,15.902231983,39.715824919,19.647984790,15.902231983,0.873465589,0.006068239,0.000000000,0.990699731,0.009662106,-0.135722829,39.715824919,19.971090139,15.903183490,0.113631429,0.130222998
235,117.244463092,40.210875408,20.087259543,15.833191559,40.210875408,20.087259543,15.833191559,40.210875408,20.526702174,15.833191559,40.210875408,19.647816912,15.833191559,0.878885262,0.003801915,0.000000000,0.990036350,0.001232330,-0.140806631,40.210875408,19.973695428,15.833153778,0.113564122,0.129789100
236,117.744412654,40.705649795,20.085948869,15.761454873,40.705649795,20.085948869,15.761454873,40.705649795,20.527888795,15.761454873,40.705649795,19.644008943,15.761454873,0.883879852,0.007060321,0.000000000,0.989364684,-0.005070543,-0.145367851,40.705649795,19.964437676,15.761736419,0.121511519,0.132629816
237,118.244020595,41.199797748,20.082192941,15.687890014,41.199797748,20.082192941,15.687890014,41.199797748,20.526127317,15.687890014,41.199797748,19.638258564,15.687890014,0.887868754,0.010517634,0.000000000,0.989010869,-0.007636716,-0.147645462,41.199797748,19.946720577,15.687581724,0.135472714,0.136860512
238,118.743685459,41.693941365,20.078317693,15.613916746,41.693941365,20.078317693,15.613916746,41.693941365,20.522858680,15.613916746,41.693941365,19.633776707,15.613916746,0.889081973,0.003950825,0.000000000,0.988808654,-0.008520881,-0.148945765,41.693941365,19.929783683,15.613212248,0.148535681,0.142620247
239,119.243537244,42.188127707,20.073675898,15.539016011,42.188127707,20.073675898,15.539016011,42.188127707,20.518296304,15.539016011,42.188127707,19.629055492,15.539016011,0.889240813,0.003872182,0.000000000,0.988480170,-0.009032103,-0.151080688,42.188127707,19.913361928,15.538994693,0.160313971,0.147599863
240,119.743543122,42.682279978,20.069286962,15.462857304,42.682279978,20.069286962,15.462857304,42.682279978,20.513762921,15.462857304,42.682279978,19.624811003,15.462857304,0.888951918,0.010828424,0.000000000,0.987949657,-0.007316080,-0.154602557,42.682279978,19.902460424,15.463576103,0.166828086,0.150872182
241,120.243462849,43.176000229,20.066360137,15.384425928,43.176000229,20.066360137,15.384425928,43.176000229,20.510202774,15.384425928,43.176000229,19.622517501,15.384425928,0.887685273,0.011542301,0.000000000,0.987257930,-0.003894353,-0.159080525,43.176000229,19.899841024,15.384661294,0.166519280,0.151960560
242,120.743414858,43.669406929,20.065393252,15.303797739,43.669406929,20.065393252,15.303797739,43.669406929,20.508357386,15.303797739,43.669406929,19.622429119,15.303797739,0.885928267,0.006995930,0.000000000,0.986734635,-0.001868162,-0.162330743,43.669406929,19.903065166,15.303806471,0.162328087,0.152064129
243,121.243199983,44.162474973,20.064492446,15.222138304,44.162474973,20.064492446,15.222138304,44.162474973,20.507027649,15.222138304,44.162474973,19.621957243,15.222138304,0.885070406,0.008074877,0.000000000,0.986453772,-0.002995220,-0.164012149,44.162474973,19.912694299,15.221428983,0.151799804,0.150422812
244,121.743149930,44.655598427,20.062398435,15.139828986,44.655598427,20.062398435,15.139828986,44.655598427,20.503759560,15.139828986,44.655598427,19.621037310,15.139828986,0.882722250,0.009505148,0.000000000,0.986176217,-0.006836547,-0.165558844,44.655598427,19.922459673,15.139413274,0.139939379,0.148093916
245,122.243339627,45.148784926,20.057653701,15.056556552,45.148784926,20.057653701,15.056556552,45.148784926,20.497673411,15.056556552,45.148784926,19.617633991,15.056556552,0.880039420,0.005404175,0.000000000,0.985634383,-0.011827725,-0.168478388,45.148784926,19.924753275,15.057206591,0.132902016,0.146269172
246,122.743248875,45.641325810,20.050570909,14.971335855,45.641325810,20.050570909,14.971335855,45.641325810,20.489352904,14.971335855,45.641325810,19.611788915,14.971335855,0.877563989,0.012841428,0.000000000,0.984748714,-0.016617647,-0.173187254,45.641325810,19.919239162,14.971434212,0.131331784,0.146129124
247,123.243249262,46.133437845,20.041037222,14.883385634,46.133437845,20.041037222,14.883385634,46.133437845,20.478062984,14.883385634,46.133437845,19.604011460,14.883385634,0.874051524,0.004369542,0.000000000,0.983727167,-0.021987872,-0.178318237,46.133437845,19.907391415,14.883848562,0.133646609,0.148422257
248,123.742628045,46.624435697,20.028600476,14.793132628,46.624435697,20.028600476,14.793132628,46.624435697,20.463334858,14.793132628,46.624435697,19.593866094,14.793132628,0.869468764,0.010060394,0.000000000,0.983022354,-0.026062642,-0.181625412,46.624435697,19.881618922,14.793031580,0.146981589,0.152638831
249,124.242129719,47.115358544,20.015003502,14.701963538,47.115358544,20.015003502,14.701963538,47.115358544,20.448008539,14.701963538,47.115358544,19.581998466,14.701963538,0.866010073,0.009027670,0.000000000,0.982684012,-0.029177127,-0.182977672,47.115358544,19.857252314,14.701397018,0.157752206,0.158399726
250,124.741387412,47.605898639,19.999460560,14.610382558,47.605898639,19.999460560,14.610382558,47.605898639,20.430153460,14.610382558,47.605898639,19.568767660,14.610382558,0.861385800,0.005879627,0.000000000,0.982397507,-0.030549758,-0.184287412,47.605898639,19.825965306,14.609810328,0.173496198,0.163833429
251,125.241220470,48.096862110,19.984482209,14.517842807,48.096862110,19.984482209,14.517842807,48.096862110,20.412086423,14.517842807,48.096862110,19.556877995,14.517842807,0.855208428,0.009930332,0.000000000,0.981925924,-0.027715065,-0.187225410,48.096862110,19.802969687,14.518114899,0.181512726,0.168060450
252,125.741319026,48.587752560,19.971748719,14.423169736,48.587752560,19.971748719,14.423169736,48.587752560,20.396324352,14.423169736,48.587752560,19.547173086,14.423169736,0.849151266,0.003043649,0.000000000,0.981117704,-0.024787397,-0.191816672,48.587752560,19.787994626,14.424309121,0.183757625,0.171218182
253,126.241074343,49.077833357,19.959698057,14.326056553,49.077833357,19.959698057,14.326056553,49.077833357,20.381164544,14.326056553,49.077833357,19.538231571,14.326056553,0.842932973,0.009771801,0.000000000,0.980293637,-0.024932561,-0.195966204,49.077833357,19.775759664,14.326017533,0.183938398,0.172307317
254,126.741025815,49.567756912,19.946823191,14.227260689,49.567756912,19.946823191,14.227260689,49.567756912,20.364402118,14.227260689,49.567756912,19.529244263,14.227260689,0.835157855,0.002806880,0.000000000,0.979840629,-0.024312735,-0.198295820,49.567756912,19.768434005,14.226501264,0.178390802,0.170417174
255,127.241206215,50.057801902,19.935382807,14.127734523,50.057801902,19.935382807,14.127734523,50.057801902,20.348648791,14.127734523,50.057801902,19.522116822,14.127734523,0.826531969,0.008652233,0.000000000,0.979696635,-0.022909430,-0.199172441,50.057801902,19.766867347,14.127267362,0.168516107,0.169160292
256,127.741434641,50.547854049,19.923904391,14.028006807,50.547854049,19.923904391,14.028006807,50.547854049,20.332485253,14.028006807,50.547854049,19.515323529,14.028006807,0.817161724,0.008265213,0.000000000,0.979267518,-0.025328136,-0.200981627,50.547854049,19.762018520,14.028161779,0.161885945,0.169654846
257,128.241610764,51.037461489,19.910044781,13.926672606,51.037461489,19.910044781,13.926672606,51.037461489,20.313823558,13.926672606,51.037461489,19.506266003,13.926672606,0.807557555,0.009960957,0.000000000,0.978250101,-0.029148108,-0.205370709,51.037461489,19.756317198,13.926963322,0.153727858,0.170839882
258,128.741423684,51.526088925,19.894757795,13.822641403,51.526088925,19.894757795,13.822641403,51.526088925,20.293480532,13.822641403,51.526088925,19.496035058,13.822641403,0.797445474,0.005749138,0.000000000,0.976823531,-0.036764239,-0.210865313,51.526088925,19.734205149,13.823374565,0.160554320,0.174939235
259,129.240633391,52.013308753,19.873324771,13.716021532,52.013308753,19.873324771,13.716021532,52.013308753,20.266788017,13.716021532,52.013308753,19.479861525,13.716021532,0.786926493,0.009349495,0.000000000,0.975485341,-0.046351541,-0.215127599,52.013308753,19.701383336,13.715983016,0.171941439,0.181074153
260,129.739695039,52.499881172,19.848487723,13.607887680,52.499881172,19.848487723,13.607887680,52.499881172,20.235430784,13.607887680,52.499881172,19.461544661,13.607887680,0.773886123,0.011957570,0.000000000,0.974727502,-0.053297491,-0.216946246,52.499881172,19.663551751,13.607292594,0.184936929,0.189429387
261,130.238981514,52.986419880,19.820114069,13.499434898,52.986419880,19.820114069,13.499434898,52.986419880,20.200392692,13.499434898,52.986419880,19.439835445,13.499434898,0.760557247,0.006515267,0.000000000,0.974282605,-0.057883656,-0.217767966,52.986419880,19.624668161,13.498829457,0.195446846,0.198617600
262,130.738394713,53.472896139,19.790679108,13.390402901,53.472896139,19.790679108,13.390402901,53.472896139,20.163522060,13.390402901,53.472896139,19.417836157,13.390402901,0.745685903,0.005657821,0.000000000,0.973896634,-0.054241087,-0.220416086,53.472896139,19.585322252,13.390243341,0.205356918,0.206561826
263,131.237901364,53.959251625,19.765933167,13.279259422,53.959251625,19.765933167,13.279259422,53.959251625,20.130655810,13.279259422,53.959251625,19.401210523,13.279259422,0.729445287,0.009736583,0.000000000,0.973345514,-0.042867501,-0.225301772,53.959251625,19.547430108,13.280604394,0.218507198,0.213598404
264,131.736774198,54.444639323,19.747873740,13.165475660,54.444639323,19.747873740,13.165475660,54.444639323,20.103756751,13.165475660,54.444639323,19.391990729,13.165475660,0.711766022,0.005866535,0.000000000,0.972491547,-0.034426850,-0.230380085,54.444639323,19.512089036,13.165951030,0.235785184,0.218606819
265,132.234716799,54.928642917,19.731612802,13.049618259,54.928642917,19.731612802,13.049618259,54.928642917,20.077577848,13.049618259,54.928642917,19.385647756,13.049618259,0.691930091,0.002411911,0.000000000,0.971899851,-0.035395620,-0.232718347,54.928642917,19.468005649,13.048805203,0.263608407,0.221524353
266,132.734966441,55.414778041,19.712529573,12.933178678,55.414778041,19.712529573,12.933178678,55.414778041,20.048946191,12.933178678,55.414778041,19.376112955,12.933178678,0.672833236,0.011045730,0.000000000,0.971814062,-0.042382555,-0.231907627,55.414778041,19.460102546,12.932633961,0.252427614,0.221477007
267,133.235446008,55.901156562,19.689197790,12.817544085,55.901156562,19.689197790,12.817544085,55.901156562,20.018353466,12.817544085,55.901156562,19.360042113,12.817544085,0.658311352,0.009149004,0.000000000,0.971425308,-0.052604492,-0.231442517,55.901156562,19.468343300,12.817049463,0.220855043,0.218958813
268,133.736259817,56.387441898,19.659853993,12.701440749,56.387441898,19.659853993,12.701440749,56.387441898,19.982731629,12.701440749,56.387441898,19.336976358,12.701440749,0.645755271,0.007307300,0.000000000,0.970367208,-0.062011499,-0.233542405,56.387441898,19.483186566,12.701818909,0.176667832,0.211476040
269,134.237218084,56.873235853,19.627075880,12.583589088,56.873235853,19.627075880,12.583589088,56.873235853,19.945419322,12.583589088,56.873235853,19.308732438,12.583589088,0.636686884,0.006583545,0.000000000,0.968704685,-0.068176159,-0.238669741,56.873235853,19.495701920,12.584457252,0.131376828,0.200192229
270,134.735095476,57.355015291,19.591774760,12.463072278,57.355015291,19.591774760,12.463072278,57.355015291,19.907801538,12.463072278,57.355015291,19.275747983,12.463072278,0.632053556,0.005846872,0.000000000,0.966639610,-0.072022062,-0.245806197,57.355015291,19.447311188,12.462761491,0.144463907,0.185568392
271,135.228838630,57.831776311,19.555667109,12.339875406,57.831776311,19.555667109,12.339875406,57.831776311,19.870637858,12.339875406,57.831776311,19.240696361,12.339875406,0.629941497,0.004567033,0.000000000,0.965249662,-0.075831997,-0.250085181,57.831776311,19.365792682,12.340046438,0.189874504,0.167793658
272,135.727862983,58.313276223,19.516462828,12.214790777,58.313276223,19.516462828,12.214790777,58.313276223,19.831649151,12.214790777,58.313276223,19.201276505,12.214790777,0.630372646,0.009324598,0.000000000,0.964120075,-0.086133640,-0.251104514,58.313276223,19.318713172,12.214666050,0.197749695,0.148236677
273,136.228673957,58.795706682,19.469523070,12.088817992,58.795706682,19.469523070,12.088817992,58.795706682,19.786474150,12.088817992,58.795706682,19.152571990,12.088817992,0.633902160,0.008439434,0.000000000,0.962799769,-0.096941671,-0.252227908,58.795706682,19.283834480,12.088595341,0.185688723,0.126056649
274,136.730848578,59.278943792,19.419223491,11.961809340,59.278943792,19.419223491,11.961809340,59.278943792,19.739912789,11.961809340,59.278943792,19.098534194,11.961809340,0.641378595,0.012229541,0.000000000,0.961704779,-0.103080463,-0.253965227,59.278943792,19.297875078,11.961513369,0.121348774,0.102926215
275,137.233418820,59.761969342,19.365951711,11.833648177,59.761969342,19.365951711,11.833648177,59.761969342,19.690997971,11.833648177,59.761969342,19.040905451,11.833648177,0.650092520,0.009908222,0.000000000,0.960652106,-0.105825568,-0.256804363,59.761969342,19.315239494,11.833908394,0.050712884,0.079413303
276,137.735209403,60.243784186,19.312936350,11.703888336,60.243784186,19.312936350,11.703888336,60.243784186,19.642595828,11.703888336,60.243784186,18.983276872,11.703888336,0.659318955,0.007414018,0.000000000,0.959911495,-0.103601503,-0.260454697,60.243784186,19.286282780,11.704203788,0.026655437,0.056729444
277,138.236859249,60.725179694,19.261993599,11.572298939,60.725179694,19.261993599,11.572298939,60.725179694,19.595719016,11.572298939,60.725179694,18.928268183,11.572298939,0.667450833,0.009127669,0.000000000,0.958722389,-0.102947030,-0.265053371,60.725179694,19.262252632,11.572068249,0.000346866,0.037036157
278,138.735402327,61.202692260,19.209978632,11.438802147,61.202692260,19.209978632,11.438802147,61.202692260,19.547490353,11.438802147,61.202692260,18.872466912,11.438802147,0.675023441,0.012376561,0.000000000,0.956760678,-0.110869620,-0.268918076,61.202692260,19.199917344,11.438854331,0.010061423,0.020882655
279,139.235559625,61.680671826,19.151249449,11.303732755,61.680671826,19.151249449,11.303732755,61.680671826,19.491336801,11.303732755,61.680671826,18.811162098,11.303732755,0.680174703,0.012007899,0.000000000,0.955250992,-0.123180531,-0.268927684,61.680671826,19.142598779,11.303771873,0.008650759,0.009397102
280,139.735073867,62.157613535,19.086848088,11.169965987,62.157613535,19.086848088,11.169965987,62.157613535,19.428751880,11.169965987,62.157613535,18.744944296,11.169965987,0.683807584,0.012768550,0.000000000,0.953692996,-0.131520881,-0.270503100,62.157613535,19.080212194,11.167281401,0.007158358,0.002097927
281,140.234714777,62.633551513,19.019840034,11.033459574,62.633551513,19.019840034,11.033459574,62.633551513,19.363030426,11.033459574,62.633551513,18.676649641,11.033459574,0.686380784,0.004881806,0.000000000,0.949187241,-0.134765342,-0.284397406,62.633551513,19.013346302,11.029407373,0.007654337,-0.000600766
282,140.737225394,63.108757663,18.951798393,10.884912039,63.108757663,18.951798393,10.884912039,63.108757663,19.296594644,10.884912039,63.108757663,18.607002142,10.884912039,0.689592502,0.006454043,0.000000000,0.939788610,-0.134264591,-0.314277566,63.108757663,18.943692642,10.890424465,0.009802553,-0.000856767
283,141.235909536,63.574329698,18.885431782,10.719008372,63.574329698,18.885431782,10.719008372,63.574329698,19.231782350,10.719008372,63.574329698,18.539081214,10.719008372,0.692701136,0.006481607,0.000000000,0.924195908,-0.132153042,-0.358325964,63.574329698,18.874529758,10.722229722,0.011367991,0.001723615
284,141.732978627,64.028717609,18.820252399,10.528322883,64.028717609,18.820252399,10.528322883,64.028717609,19.169054843,10.528322883,64.028717609,18.471449954,10.528322883,0.697604889,0.003405142,0.000000000,0.903914795,-0.130848155,-0.407206094,64.028717609,18.806945897,10.524865941,0.013748216,0.005779533
285,142.235667144,64.477604500,18.754662707,10.311771973,64.477604500,18.754662707,10.311771973,64.477604500,19.107337709,10.311771973,64.477604500,18.401987706,10.311771973,0.705350004,0.011372546,0.000000000,0.880009540,-0.137934768,-0.454485654,64.477604500,18.743036382,10.314269641,0.011891585,0.009109160
286,142.735252838,64.910466595,18.682103688,10.073126920,64.910466595,18.682103688,10.073126920,64.910466595,19.038357603,10.073126920,64.910466595,18.325849773,10.073126920,0.712507830,0.009921773,0.000000000,0.854012797,-0.151786038,-0.497617464,64.910466595,18.679851386,10.072321461,0.002391993,0.008075550
287,143.237596211,65.332938788,18.602593368,9.813234213,65.332938788,18.602593368,9.813234213,65.332938788,18.962044093,9.813234213,65.332938788,18.243142642,9.813234213,0.718901452,0.003357097,0.000000000,0.825725182,-0.165581123,-0.539222417,65.332938788,18.611438559,9.813850128,0.008866609,0.001839443
288,143.738584309,65.738668965,18.516053879,9.532373011,65.738668965,18.516053879,9.532373011,65.738668965,18.878832372,9.532373011,65.738668965,18.153275386,9.532373011,0.725556986,0.011543926,0.000000000,0.796011033,-0.177827098,-0.578570617,65.738668965,18.536563963,9.531595544,0.020524815,-0.009924732
289,144.240074479,66.130692702,18.424368692,9.233368652,66.130692702,18.424368692,9.233368652,66.130692702,18.789539984,9.233368652,66.130692702,18.059197400,9.233368652,0.730342584,0.005664857,0.000000000,0.765927793,-0.188570760,-0.614650863,66.130692702,18.455282259,9.232114266,0.030939006,-0.025513042
290,144.744350269,66.508682766,18.326423332,8.914269466,66.508682766,18.326423332,8.914269466,66.508682766,18.693273867,8.914269466,66.508682766,17.959572797,8.914269466,0.733701070,0.001907604,0.000000000,0.731056116,-0.198864919,-0.652694185,66.508682766,18.371075032,8.915977146,0.044684343,-0.046365554
291,145.247217583,66.866744483,18.224172038,8.576316785,66.866744483,18.224172038,8.576316785,66.866744483,18.592220215,8.576316785,66.866744483,17.856123861,8.576316785,0.736096353,0.004243140,0.000000000,0.693392477,-0.206417332,-0.690361324,66.866744483,18.289612957,8.576739245,0.065442283,-0.071252725
292,145.751672510,67.206849758,18.118557213,8.219037224,67.206849758,18.118557213,8.219037224,67.206849758,18.487444598,8.219037224,67.206849758,17.749669827,8.219037224,0.737774771,0.004705865,0.000000000,0.656369523,-0.208263773,-0.725124300,67.206849758,18.213495602,8.218309753,0.094941176,-0.100232736
293,146.258102686,67.529986096,18.013709733,7.843455760,67.529986096,18.013709733,7.843455760,67.529986096,18.381505371,7.843455760,67.529986096,17.645914094,7.843455760,0.735591278,0.008861490,0.000000000,0.619676185,-0.202646301,-0.758245279,67.529986096,18.141797635,7.843658969,0.128088064,-0.130683223
294,146.763407433,67.833641384,17.913587683,7.452173345,67.833641384,17.913587683,7.452173345,67.833641384,18.279200209,7.452173345,67.833641384,17.547975156,7.452173345,0.731225053,0.006326123,0.000000000,0.582059827,-0.190699543,-0.790468243,67.833641384,18.074573503,7.452186125,0.160985821,-0.160894527
295,147.267499883,68.117365052,17.821264443,7.045864967,68.117365052,17.821264443,7.045864967,68.117365052,18.182842133,7.045864967,68.117365052,17.459686753,7.045864967,0.723155380,0.011346406,0.000000000,0.544222226,-0.173509437,-0.820802439,68.117365052,18.011072840,7.045518569,0.189808713,-0.189398607
296,147.771300955,68.381990015,17.738760505,6.625172384,68.381990015,17.738760505,6.625172384,68.381990015,18.096002244,6.625172384,68.381990015,17.381518766,6.625172384,0.714483478,0.018671498,0.000000000,0.503874671,-0.154591889,-0.849830374,68.381990015,17.952266121,6.625418122,0.213505757,-0.214843331
297,148.273010658,68.623914744,17.665840943,6.191735204,68.623914744,17.665840943,6.191735204,68.623914744,18.018741119,6.191735204,68.623914744,17.312940767,6.191735204,0.705800352,0.019211428,0.000000000,0.459582098,-0.137167156,-0.877479041,68.623914744,17.898575428,6.191216501,0.232735063,-0.235901161
298,148.775626542,68.843342489,17.601067545,5.744210234,68.843342489,17.601067545,5.744210234,68.843342489,17.949916048,5.744210234,68.843342489,17.252219042,5.744210234,0.697697006,0.025532673,0.000000000,0.412433711,-0.120294132,-0.903010385,68.843342489,17.850969900,5.744549030,0.249902585,-0.254154220
299,149.279880403,69.038932145,17.544798276,5.282853093,69.038932145,17.544798276,5.282853093,69.038932145,17.890180499,5.282853093,69.038932145,17.199416053,5.282853093,0.690764446,0.022201874,0.000000000,0.346155786,-0.102730879,-0.932535543,69.038932145,17.811235070,5.286302364,0.266459120,-0.269355038
300,149.786288335,69.192633133,17.497391098,4.802668170,69.192633133,17.497391098,4.802668170,69.192633133,17.840187937,4.802668170,69.192633133,17.154594260,4.802668170,0.685593676,0.019460165,0.000000000,0.298106239,-0.084955910,-0.950744531,69.192633133,17.781801186,4.811484843,0.284546713,-0.281256144
301,150.286116452,69.338951910,17.459203976,4.326264240,69.338951910,17.459203976,4.326264240,69.338951910,17.800591827,4.326264240,69.338951910,17.117816126,4.326264240,0.682775701,0.035510342,0.000000000,0.319612201,-0.068057259,-0.945101185,69.338951910,17.755417812,4.334106618,0.296317632,-0.289610068
302,150.762533528,69.503302800,17.430594873,3.880009229,69.503302800,17.430594873,3.880009229,69.503302800,17.772045636,3.880009229,69.503302800,17.089144110,3.880009229,0.682901526,0.013467653,0.000000000,0.388896117,-0.051115711,-0.919862487,69.503302800,17.728431204,3.862768971,0.298334890,-0.294169339
303,151.198433248,69.690000000,17.411921753,3.486557789,69.690000000,17.411921753,3.486557789,69.690000000,17.755202830,3.486557789,69.690000000,17.068640676,3.486557789,0.686562155,0.090622967,0.000000000,0.466735630,-0.034511903,-0.883723249,69.690000000,17.700777037,3.493168608,0.288930923,-0.294686488
